INSERT INTO public.photospots (id,created_at,location,neighborhood,location_name,address) VALUES (1, DEFAULT, 'Point(40.73870531328769 -73.99334641073439)', 'Upper West Side', 'Photospot 0/photospots/0', 'Statue of Liberty, Liberty Island, New York, NY 10004'), (2, DEFAULT, 'Point(40.73846269395944 -73.99375404165089)', 'Greenwich Village', 'Photospot 0/photospots/1', 'Universal Studios Florida, 6000 Universal Blvd, Orlando, FL 32819'), (3, DEFAULT, 'Point(40.73819643479835 -73.99265365952743)', 'Hell''s Kitchen', 'Photospot 0/photospots/2', 'Golden Gate Bridge, San Francisco, CA'), (4, DEFAULT, 'Point(40.73775410626289 -73.99370328334159)', 'Brooklyn Heights', 'Photospot 0/photospots/3', 'Eiffel Tower, 5 Avenue Anatole France, 75007 Paris, France'), (5, DEFAULT, 'Point(40.73802514587664 -73.9933891024603)', 'Upper West Side', 'Photospot 0/photospots/4', 'Universal Studios Hollywood, 100 Universal City Plaza, Universal City, CA 91608'), (6, DEFAULT, 'Point(40.738452218511505 -73.99293939587643)', 'Soho', 'Photospot 0/photospots/5', 'Mount Rushmore National Memorial, 13000 SD-244, Keystone, SD 57751'), (7, DEFAULT, 'Point(40.73756541578078 -73.99313054148068)', 'Flatiron District', 'Photospot 0/photospots/6', 'Alcatraz Island, Pier 33, San Francisco, CA 94111'), (8, DEFAULT, 'Point(40.73810530418149 -73.99253002600346)', 'Park Slope', 'Photospot 0/photospots/7', 'The High Line, New York, NY 10014'), (9, DEFAULT, 'Point(40.73829377419093 -73.99250356593001)', 'Bushwick', 'Photospot 0/photospots/8', 'Red Square, Moscow, Russia'), (10, DEFAULT, 'Point(40.737373561563984 -73.99268384215382)', 'Tribeca', 'Photospot 0/photospots/9', 'Burj Khalifa, 1 Sheikh Mohammed bin Rashid Blvd, Dubai, UAE');
SELECT setval('"public"."photospots_id_seq"'::regclass, (SELECT MAX("id") FROM "public"."photospots"));
INSERT INTO public.tags (id,created_at,name) VALUES (1, DEFAULT, 'Awesome Plastic Bacon'), (2, DEFAULT, 'Licensed Soft Pizza'), (3, DEFAULT, 'Generic Concrete Mouse'), (4, DEFAULT, 'Handmade Wooden Cheese'), (5, DEFAULT, 'Fantastic Cotton Car'), (6, DEFAULT, 'Oriental Plastic Bike'), (7, DEFAULT, 'Unbranded Plastic Ball'), (8, DEFAULT, 'Unbranded Steel Salad'), (9, DEFAULT, 'Handmade Frozen Pizza'), (10, DEFAULT, 'Unbranded Cotton Tuna');
SELECT setval('"public"."tags_id_seq"'::regclass, (SELECT MAX("id") FROM "public"."tags"));
INSERT INTO public.photospot_reviews (created_at,created_by,rating,text,photospot_id,edited,id) VALUES (DEFAULT, '885a0c00-1512-4442-8edd-d5cbe7e43ecc', 1, 'Bring bug spray! The mosquitoes were relentless, but the views were stunning.', 1, DEFAULT, 15288517), (DEFAULT, '8117f5dd-ad95-4c45-b393-b48ce35b1899', 3, 'The scenic views from the top are well worth the steep hike.', 1, DEFAULT, 6471111), (DEFAULT, 'e529c355-b9ff-4fd7-b4ff-bbb34eadef95', 4, 'Wish I had more time to explore, but the views from the top were incredible.', 1, DEFAULT, 12373069), (DEFAULT, 'fef3078b-3ef3-488c-91d9-aa8ad1f54d29', 4, 'Bring sunscreen and a hat, even on cloudy days.', 1, DEFAULT, 11750994);
SELECT setval('"public"."photospot_reviews_id_seq"'::regclass, (SELECT MAX("id") FROM "public"."photospot_reviews"));
INSERT INTO public.photoshots (id,created_at,photospot_id,name,recreate_text,photo_paths,created_by) VALUES (1, DEFAULT, 1, 'Sunset at the Beach', 'Recreate by standing in a vintage-style bar, wearing a suit and holding a cocktail.', '{"https://picsum.photos/id/612/400/400","https://picsum.photos/id/444/400/400","https://picsum.photos/id/487/400/400"}', NULL), (2, DEFAULT, 1, 'Fashion Show', 'Recreate by standing in a beautiful park, wearing a casual outfit and holding a frisbee.', '{"https://picsum.photos/id/959/400/400","https://picsum.photos/id/112/400/400","https://picsum.photos/id/720/400/400"}', NULL), (3, DEFAULT, 1, 'Cozy Morning', 'To recreate, find a modern gym, wear a workout outfit and hold a pair of dumbbells.', '{"https://picsum.photos/id/412/400/400","https://picsum.photos/id/398/400/400","https://picsum.photos/id/104/400/400"}', NULL), (4, DEFAULT, 1, 'Sunflower Field', 'Recreate by standing in a beautiful forest, wearing a hiking outfit and holding a walking stick.', '{"https://picsum.photos/id/353/400/400","https://picsum.photos/id/613/400/400","https://picsum.photos/id/15/400/400"}', NULL), (5, DEFAULT, 1, 'Sandy Toes', 'Recreate by standing in a beautiful forest, wearing a hiking outfit and holding a walking stick.', '{"https://picsum.photos/id/313/400/400","https://picsum.photos/id/891/400/400","https://picsum.photos/id/404/400/400"}', NULL), (6, DEFAULT, 1, 'Beachy Keen', 'Capture a photo of yourself standing in front of a beautiful garden, wearing a wide-brimmed hat and holding a basket of flowers.', '{"https://picsum.photos/id/257/400/400","https://picsum.photos/id/129/400/400","https://picsum.photos/id/311/400/400"}', NULL), (7, DEFAULT, 1, 'Cozy Morning', 'Capture a photo of yourself standing in front of a beautiful garden, wearing a wide-brimmed hat and holding a basket of flowers.', '{"https://picsum.photos/id/279/400/400","https://picsum.photos/id/258/400/400","https://picsum.photos/id/969/400/400"}', NULL), (8, DEFAULT, 1, 'Cozy Morning', 'Recreate by standing in a modern kitchen, wearing a chef''s hat and holding a mixing bowl.', '{"https://picsum.photos/id/537/400/400","https://picsum.photos/id/897/400/400","https://picsum.photos/id/710/400/400"}', NULL), (9, DEFAULT, 1, 'Foodie Heaven', 'To recreate, find a vintage-inspired background, wear a flowy dress and hold a vintage-style camera.', '{"https://picsum.photos/id/895/400/400","https://picsum.photos/id/379/400/400","https://picsum.photos/id/595/400/400"}', NULL), (10, DEFAULT, 1, 'Fashionable Friends', 'Sit on a rooftop, wearing a trendy outfit and holding a pair of binoculars.', '{"https://picsum.photos/id/244/400/400","https://picsum.photos/id/392/400/400","https://picsum.photos/id/311/400/400"}', NULL), (11, DEFAULT, 1, 'Urban Exploration', 'To recreate, find a scenic outdoor location with a mountainous backdrop, wear a pair of hiking boots and hold a trekking pole.', '{"https://picsum.photos/id/456/400/400","https://picsum.photos/id/327/400/400","https://picsum.photos/id/617/400/400"}', NULL), (12, DEFAULT, 1, 'Nighttime Cityscape', 'Recreate by posing on a horse, wearing a cowboy hat and holding a lasso.', '{"https://picsum.photos/id/590/400/400","https://picsum.photos/id/161/400/400","https://picsum.photos/id/399/400/400"}', NULL), (13, DEFAULT, 1, 'Tropical Oasis', 'Capture a photo of yourself standing in front of a beautiful waterfall, wearing a swimsuit and holding a towel.', '{"https://picsum.photos/id/548/400/400","https://picsum.photos/id/320/400/400","https://picsum.photos/id/294/400/400"}', NULL), (14, DEFAULT, 1, 'Summer Nights', 'Recreate by standing in a trendy boutique, wearing a fashionable outfit and holding a shopping bag.', '{"https://picsum.photos/id/184/400/400","https://picsum.photos/id/42/400/400","https://picsum.photos/id/481/400/400"}', NULL), (15, DEFAULT, 1, 'Seaside Escape', 'Capture a photo of yourself standing in front of a stunning sunset, wearing a comfortable outfit and holding a camera.', '{"https://picsum.photos/id/602/400/400","https://picsum.photos/id/875/400/400","https://picsum.photos/id/298/400/400"}', NULL);
UPDATE public.photoshots SET created_by = '8117f5dd-ad95-4c45-b393-b48ce35b1899' WHERE id = 1;
UPDATE public.photoshots SET created_by = '8117f5dd-ad95-4c45-b393-b48ce35b1899' WHERE id = 2;
UPDATE public.photoshots SET created_by = '8117f5dd-ad95-4c45-b393-b48ce35b1899' WHERE id = 3;
UPDATE public.photoshots SET created_by = '8117f5dd-ad95-4c45-b393-b48ce35b1899' WHERE id = 4;
UPDATE public.photoshots SET created_by = '8117f5dd-ad95-4c45-b393-b48ce35b1899' WHERE id = 5;
UPDATE public.photoshots SET created_by = '8117f5dd-ad95-4c45-b393-b48ce35b1899' WHERE id = 6;
UPDATE public.photoshots SET created_by = '8117f5dd-ad95-4c45-b393-b48ce35b1899' WHERE id = 7;
UPDATE public.photoshots SET created_by = '8117f5dd-ad95-4c45-b393-b48ce35b1899' WHERE id = 8;
UPDATE public.photoshots SET created_by = '8117f5dd-ad95-4c45-b393-b48ce35b1899' WHERE id = 9;
UPDATE public.photoshots SET created_by = '8117f5dd-ad95-4c45-b393-b48ce35b1899' WHERE id = 10;
UPDATE public.photoshots SET created_by = '8117f5dd-ad95-4c45-b393-b48ce35b1899' WHERE id = 11;
UPDATE public.photoshots SET created_by = '8117f5dd-ad95-4c45-b393-b48ce35b1899' WHERE id = 12;
UPDATE public.photoshots SET created_by = '8117f5dd-ad95-4c45-b393-b48ce35b1899' WHERE id = 13;
UPDATE public.photoshots SET created_by = '8117f5dd-ad95-4c45-b393-b48ce35b1899' WHERE id = 14;
UPDATE public.photoshots SET created_by = '8117f5dd-ad95-4c45-b393-b48ce35b1899' WHERE id = 15;
SELECT setval('"public"."photoshots_id_seq"'::regclass, (SELECT MAX("id") FROM "public"."photoshots"));
INSERT INTO public.photoshot_tags (id,created_at,tag_id) VALUES (1, DEFAULT, 5), (1, DEFAULT, 9), (1, DEFAULT, 2);
SELECT setval('"public"."photoshot_tags_id_seq"'::regclass, (SELECT MAX("id") FROM "public"."photoshot_tags"));
;
;
INSERT INTO public.photoshot_tags (id,created_at,tag_id) VALUES (2, DEFAULT, 3), (2, DEFAULT, 6), (2, DEFAULT, 2), (2, DEFAULT, 9), (2, DEFAULT, 10);
SELECT setval('"public"."photoshot_tags_id_seq"'::regclass, (SELECT MAX("id") FROM "public"."photoshot_tags"));
;
INSERT INTO public.saved_photoshots (id,created_at,photoshot_id) VALUES ('27e02716-988f-4cd4-a694-124a81b7f5c0', DEFAULT, 2), ('e529c355-b9ff-4fd7-b4ff-bbb34eadef95', DEFAULT, 2), ('e5a2c764-53b1-4820-82df-6855b070285a', DEFAULT, 2), ('c9fe6565-6bb6-4a4c-a1cd-7fbe244f4599', DEFAULT, 2);
INSERT INTO public.photoshot_tags (id,created_at,tag_id) VALUES (3, DEFAULT, 3), (3, DEFAULT, 4), (3, DEFAULT, 10);
SELECT setval('"public"."photoshot_tags_id_seq"'::regclass, (SELECT MAX("id") FROM "public"."photoshot_tags"));
INSERT INTO public.photoshot_likes (photoshot_id,created_at,created_by,like_type) VALUES (3, DEFAULT, 'fef3078b-3ef3-488c-91d9-aa8ad1f54d29', 1), (3, DEFAULT, '27e02716-988f-4cd4-a694-124a81b7f5c0', 1), (3, DEFAULT, 'e529c355-b9ff-4fd7-b4ff-bbb34eadef95', 1);
INSERT INTO public.saved_photoshots (id,created_at,photoshot_id) VALUES ('c9fe6565-6bb6-4a4c-a1cd-7fbe244f4599', DEFAULT, 3), ('27e02716-988f-4cd4-a694-124a81b7f5c0', DEFAULT, 3), ('3a2e5788-d2ad-4939-8079-5ec8a0ab6cc1', DEFAULT, 3), ('885a0c00-1512-4442-8edd-d5cbe7e43ecc', DEFAULT, 3);
INSERT INTO public.photoshot_tags (id,created_at,tag_id) VALUES (4, DEFAULT, 10), (4, DEFAULT, 3);
SELECT setval('"public"."photoshot_tags_id_seq"'::regclass, (SELECT MAX("id") FROM "public"."photoshot_tags"));
INSERT INTO public.photoshot_likes (photoshot_id,created_at,created_by,like_type) VALUES (4, DEFAULT, 'c9fe6565-6bb6-4a4c-a1cd-7fbe244f4599', 1);
;
INSERT INTO public.photoshot_tags (id,created_at,tag_id) VALUES (5, DEFAULT, 5), (5, DEFAULT, 9), (5, DEFAULT, 6), (5, DEFAULT, 3);
SELECT setval('"public"."photoshot_tags_id_seq"'::regclass, (SELECT MAX("id") FROM "public"."photoshot_tags"));
INSERT INTO public.photoshot_likes (photoshot_id,created_at,created_by,like_type) VALUES (5, DEFAULT, 'fef3078b-3ef3-488c-91d9-aa8ad1f54d29', 1), (5, DEFAULT, '885a0c00-1512-4442-8edd-d5cbe7e43ecc', 1), (5, DEFAULT, '8117f5dd-ad95-4c45-b393-b48ce35b1899', 1), (5, DEFAULT, '3a2e5788-d2ad-4939-8079-5ec8a0ab6cc1', 1);
INSERT INTO public.saved_photoshots (id,created_at,photoshot_id) VALUES ('885a0c00-1512-4442-8edd-d5cbe7e43ecc', DEFAULT, 5), ('e529c355-b9ff-4fd7-b4ff-bbb34eadef95', DEFAULT, 5), ('fef3078b-3ef3-488c-91d9-aa8ad1f54d29', DEFAULT, 5);
INSERT INTO public.photoshot_tags (id,created_at,tag_id) VALUES (6, DEFAULT, 7), (6, DEFAULT, 9), (6, DEFAULT, 1), (6, DEFAULT, 4);
SELECT setval('"public"."photoshot_tags_id_seq"'::regclass, (SELECT MAX("id") FROM "public"."photoshot_tags"));
;
INSERT INTO public.saved_photoshots (id,created_at,photoshot_id) VALUES ('c9fe6565-6bb6-4a4c-a1cd-7fbe244f4599', DEFAULT, 6), ('3a2e5788-d2ad-4939-8079-5ec8a0ab6cc1', DEFAULT, 6), ('7228984f-c255-410f-9b19-c97eed9e9e75', DEFAULT, 6);
INSERT INTO public.photoshot_tags (id,created_at,tag_id) VALUES (7, DEFAULT, 3);
SELECT setval('"public"."photoshot_tags_id_seq"'::regclass, (SELECT MAX("id") FROM "public"."photoshot_tags"));
;
INSERT INTO public.saved_photoshots (id,created_at,photoshot_id) VALUES ('e529c355-b9ff-4fd7-b4ff-bbb34eadef95', DEFAULT, 7), ('8117f5dd-ad95-4c45-b393-b48ce35b1899', DEFAULT, 7), ('27e02716-988f-4cd4-a694-124a81b7f5c0', DEFAULT, 7), ('3a2e5788-d2ad-4939-8079-5ec8a0ab6cc1', DEFAULT, 7), ('c9fe6565-6bb6-4a4c-a1cd-7fbe244f4599', DEFAULT, 7);
INSERT INTO public.photoshot_tags (id,created_at,tag_id) VALUES (8, DEFAULT, 9), (8, DEFAULT, 10), (8, DEFAULT, 5), (8, DEFAULT, 3);
SELECT setval('"public"."photoshot_tags_id_seq"'::regclass, (SELECT MAX("id") FROM "public"."photoshot_tags"));
;
INSERT INTO public.saved_photoshots (id,created_at,photoshot_id) VALUES ('fef3078b-3ef3-488c-91d9-aa8ad1f54d29', DEFAULT, 8), ('e529c355-b9ff-4fd7-b4ff-bbb34eadef95', DEFAULT, 8);
INSERT INTO public.photoshot_tags (id,created_at,tag_id) VALUES (9, DEFAULT, 6);
SELECT setval('"public"."photoshot_tags_id_seq"'::regclass, (SELECT MAX("id") FROM "public"."photoshot_tags"));
INSERT INTO public.photoshot_likes (photoshot_id,created_at,created_by,like_type) VALUES (9, DEFAULT, '3a2e5788-d2ad-4939-8079-5ec8a0ab6cc1', 1), (9, DEFAULT, '27e02716-988f-4cd4-a694-124a81b7f5c0', 1), (9, DEFAULT, 'e5a2c764-53b1-4820-82df-6855b070285a', 1), (9, DEFAULT, '7228984f-c255-410f-9b19-c97eed9e9e75', 1);
INSERT INTO public.saved_photoshots (id,created_at,photoshot_id) VALUES ('27e02716-988f-4cd4-a694-124a81b7f5c0', DEFAULT, 9), ('885a0c00-1512-4442-8edd-d5cbe7e43ecc', DEFAULT, 9), ('e529c355-b9ff-4fd7-b4ff-bbb34eadef95', DEFAULT, 9), ('c9fe6565-6bb6-4a4c-a1cd-7fbe244f4599', DEFAULT, 9);
INSERT INTO public.photoshot_tags (id,created_at,tag_id) VALUES (10, DEFAULT, 1), (10, DEFAULT, 7), (10, DEFAULT, 8), (10, DEFAULT, 9), (10, DEFAULT, 2);
SELECT setval('"public"."photoshot_tags_id_seq"'::regclass, (SELECT MAX("id") FROM "public"."photoshot_tags"));
INSERT INTO public.photoshot_likes (photoshot_id,created_at,created_by,like_type) VALUES (10, DEFAULT, 'c9fe6565-6bb6-4a4c-a1cd-7fbe244f4599', 1), (10, DEFAULT, '885a0c00-1512-4442-8edd-d5cbe7e43ecc', 1), (10, DEFAULT, '7228984f-c255-410f-9b19-c97eed9e9e75', 1);
INSERT INTO public.saved_photoshots (id,created_at,photoshot_id) VALUES ('3a2e5788-d2ad-4939-8079-5ec8a0ab6cc1', DEFAULT, 10), ('8117f5dd-ad95-4c45-b393-b48ce35b1899', DEFAULT, 10), ('c9fe6565-6bb6-4a4c-a1cd-7fbe244f4599', DEFAULT, 10), ('7228984f-c255-410f-9b19-c97eed9e9e75', DEFAULT, 10), ('e5a2c764-53b1-4820-82df-6855b070285a', DEFAULT, 10);
INSERT INTO public.photoshot_tags (id,created_at,tag_id) VALUES (11, DEFAULT, 3), (11, DEFAULT, 9), (11, DEFAULT, 1), (11, DEFAULT, 10);
SELECT setval('"public"."photoshot_tags_id_seq"'::regclass, (SELECT MAX("id") FROM "public"."photoshot_tags"));
INSERT INTO public.photoshot_likes (photoshot_id,created_at,created_by,like_type) VALUES (11, DEFAULT, '27e02716-988f-4cd4-a694-124a81b7f5c0', 1), (11, DEFAULT, '885a0c00-1512-4442-8edd-d5cbe7e43ecc', 1), (11, DEFAULT, '3a2e5788-d2ad-4939-8079-5ec8a0ab6cc1', 1), (11, DEFAULT, 'c9fe6565-6bb6-4a4c-a1cd-7fbe244f4599', 1);
INSERT INTO public.saved_photoshots (id,created_at,photoshot_id) VALUES ('27e02716-988f-4cd4-a694-124a81b7f5c0', DEFAULT, 11), ('c9fe6565-6bb6-4a4c-a1cd-7fbe244f4599', DEFAULT, 11);
INSERT INTO public.photoshot_tags (id,created_at,tag_id) VALUES (12, DEFAULT, 5), (12, DEFAULT, 6), (12, DEFAULT, 8), (12, DEFAULT, 2);
SELECT setval('"public"."photoshot_tags_id_seq"'::regclass, (SELECT MAX("id") FROM "public"."photoshot_tags"));
INSERT INTO public.photoshot_likes (photoshot_id,created_at,created_by,like_type) VALUES (12, DEFAULT, 'e529c355-b9ff-4fd7-b4ff-bbb34eadef95', 1), (12, DEFAULT, '7228984f-c255-410f-9b19-c97eed9e9e75', 1), (12, DEFAULT, '885a0c00-1512-4442-8edd-d5cbe7e43ecc', 1), (12, DEFAULT, 'e5a2c764-53b1-4820-82df-6855b070285a', 1);
INSERT INTO public.saved_photoshots (id,created_at,photoshot_id) VALUES ('27e02716-988f-4cd4-a694-124a81b7f5c0', DEFAULT, 12), ('e5a2c764-53b1-4820-82df-6855b070285a', DEFAULT, 12);
INSERT INTO public.photoshot_tags (id,created_at,tag_id) VALUES (13, DEFAULT, 3), (13, DEFAULT, 4), (13, DEFAULT, 8);
SELECT setval('"public"."photoshot_tags_id_seq"'::regclass, (SELECT MAX("id") FROM "public"."photoshot_tags"));
INSERT INTO public.photoshot_likes (photoshot_id,created_at,created_by,like_type) VALUES (13, DEFAULT, 'fef3078b-3ef3-488c-91d9-aa8ad1f54d29', 1), (13, DEFAULT, '7228984f-c255-410f-9b19-c97eed9e9e75', 1), (13, DEFAULT, '3a2e5788-d2ad-4939-8079-5ec8a0ab6cc1', 1);
INSERT INTO public.saved_photoshots (id,created_at,photoshot_id) VALUES ('27e02716-988f-4cd4-a694-124a81b7f5c0', DEFAULT, 13);
INSERT INTO public.photoshot_tags (id,created_at,tag_id) VALUES (14, DEFAULT, 9), (14, DEFAULT, 6), (14, DEFAULT, 8), (14, DEFAULT, 1), (14, DEFAULT, 3);
SELECT setval('"public"."photoshot_tags_id_seq"'::regclass, (SELECT MAX("id") FROM "public"."photoshot_tags"));
INSERT INTO public.photoshot_likes (photoshot_id,created_at,created_by,like_type) VALUES (14, DEFAULT, '27e02716-988f-4cd4-a694-124a81b7f5c0', 1), (14, DEFAULT, '8117f5dd-ad95-4c45-b393-b48ce35b1899', 1), (14, DEFAULT, 'fef3078b-3ef3-488c-91d9-aa8ad1f54d29', 1), (14, DEFAULT, 'e529c355-b9ff-4fd7-b4ff-bbb34eadef95', 1);
INSERT INTO public.saved_photoshots (id,created_at,photoshot_id) VALUES ('3a2e5788-d2ad-4939-8079-5ec8a0ab6cc1', DEFAULT, 14);
INSERT INTO public.photoshot_tags (id,created_at,tag_id) VALUES (15, DEFAULT, 3), (15, DEFAULT, 9);
SELECT setval('"public"."photoshot_tags_id_seq"'::regclass, (SELECT MAX("id") FROM "public"."photoshot_tags"));
INSERT INTO public.photoshot_likes (photoshot_id,created_at,created_by,like_type) VALUES (15, DEFAULT, '27e02716-988f-4cd4-a694-124a81b7f5c0', 1), (15, DEFAULT, 'e5a2c764-53b1-4820-82df-6855b070285a', 1), (15, DEFAULT, '3a2e5788-d2ad-4939-8079-5ec8a0ab6cc1', 1), (15, DEFAULT, 'e529c355-b9ff-4fd7-b4ff-bbb34eadef95', 1), (15, DEFAULT, 'c9fe6565-6bb6-4a4c-a1cd-7fbe244f4599', 1);
INSERT INTO public.saved_photoshots (id,created_at,photoshot_id) VALUES ('fef3078b-3ef3-488c-91d9-aa8ad1f54d29', DEFAULT, 15), ('7228984f-c255-410f-9b19-c97eed9e9e75', DEFAULT, 15);
INSERT INTO public.photospot_reviews (created_at,created_by,rating,text,photospot_id,edited,id) VALUES (DEFAULT, '885a0c00-1512-4442-8edd-d5cbe7e43ecc', 2, 'The hike was tougher than expected, but the scenery was well worth it.', 2, DEFAULT, 12317511), (DEFAULT, 'c9fe6565-6bb6-4a4c-a1cd-7fbe244f4599', 2, 'The scenic views from the top are well worth the steep hike.', 2, DEFAULT, 4000895);
SELECT setval('"public"."photospot_reviews_id_seq"'::regclass, (SELECT MAX("id") FROM "public"."photospot_reviews"));
INSERT INTO public.photoshots (id,created_at,photospot_id,name,recreate_text,photo_paths,created_by) VALUES (16, DEFAULT, 2, 'New York City Skyline', 'Recreate by posing on a horse, wearing a cowboy hat and holding a lasso.', '{"https://picsum.photos/id/542/400/400","https://picsum.photos/id/954/400/400","https://picsum.photos/id/213/400/400"}', NULL), (17, DEFAULT, 2, 'City Lights at Night', 'To recreate, find a rustic wooden background, wear a plaid shirt and hold a fishing rod.', '{"https://picsum.photos/id/906/400/400","https://picsum.photos/id/455/400/400","https://picsum.photos/id/849/400/400"}', NULL), (18, DEFAULT, 2, 'City Lights at Night', 'Sit on a boat, wearing a life jacket and holding a fishing rod.', '{"https://picsum.photos/id/695/400/400","https://picsum.photos/id/143/400/400","https://picsum.photos/id/247/400/400"}', NULL), (19, DEFAULT, 2, 'Fashionable Friends', 'To recreate, find a historic landmark, wear a cultural outfit and hold a souvenir.', '{"https://picsum.photos/id/162/400/400","https://picsum.photos/id/109/400/400","https://picsum.photos/id/660/400/400"}', NULL), (20, DEFAULT, 2, 'Beachy Keen', 'Recreate by standing in a beautiful forest, wearing a hiking outfit and holding a walking stick.', '{"https://picsum.photos/id/461/400/400","https://picsum.photos/id/389/400/400","https://picsum.photos/id/325/400/400"}', NULL), (21, DEFAULT, 2, 'Happy Moments', 'Sit on a boat, wearing a life jacket and holding a fishing rod.', '{"https://picsum.photos/id/534/400/400","https://picsum.photos/id/37/400/400","https://picsum.photos/id/19/400/400"}', NULL), (22, DEFAULT, 2, 'Happy Moments', 'Sit on a beach towel, wearing a swimsuit and sunglasses, and hold a surfboard.', '{"https://picsum.photos/id/832/400/400","https://picsum.photos/id/49/400/400","https://picsum.photos/id/286/400/400"}', NULL), (23, DEFAULT, 2, 'Beachy Keen', 'Sit on a boat, wearing a life jacket and holding a fishing rod.', '{"https://picsum.photos/id/209/400/400","https://picsum.photos/id/959/400/400","https://picsum.photos/id/176/400/400"}', NULL), (24, DEFAULT, 2, 'Road Trip USA', 'Sit on a beach towel, wearing a swimsuit and sunglasses, and hold a surfboard.', '{"https://picsum.photos/id/900/400/400","https://picsum.photos/id/240/400/400","https://picsum.photos/id/888/400/400"}', NULL), (25, DEFAULT, 2, 'City Break', 'Recreate by posing in front of a city skyline at sunset, wearing a business suit and holding a briefcase.', '{"https://picsum.photos/id/872/400/400","https://picsum.photos/id/796/400/400","https://picsum.photos/id/45/400/400"}', NULL), (26, DEFAULT, 2, 'Wildlife Adventure', 'Recreate by standing in a vintage-style bar, wearing a suit and holding a cocktail.', '{"https://picsum.photos/id/632/400/400","https://picsum.photos/id/230/400/400","https://picsum.photos/id/118/400/400"}', NULL), (27, DEFAULT, 2, 'Mountain Climbing', 'Recreate by standing in front of a plain white background, wearing a yellow dress and holding a bouquet of flowers.', '{"https://picsum.photos/id/232/400/400","https://picsum.photos/id/757/400/400","https://picsum.photos/id/974/400/400"}', NULL), (28, DEFAULT, 2, 'Mountain Climbing', 'Recreate by standing in a vintage-style bar, wearing a suit and holding a cocktail.', '{"https://picsum.photos/id/465/400/400","https://picsum.photos/id/807/400/400","https://picsum.photos/id/478/400/400"}', NULL), (29, DEFAULT, 2, 'City Break', 'Recreate by standing in a vintage-style bar, wearing a suit and holding a cocktail.', '{"https://picsum.photos/id/683/400/400","https://picsum.photos/id/417/400/400","https://picsum.photos/id/682/400/400"}', NULL), (30, DEFAULT, 2, 'Wildlife Adventure', 'Recreate by posing in front of a city skyline at sunset, wearing a business suit and holding a briefcase.', '{"https://picsum.photos/id/254/400/400","https://picsum.photos/id/892/400/400","https://picsum.photos/id/320/400/400"}', NULL);
UPDATE public.photoshots SET created_by = '7228984f-c255-410f-9b19-c97eed9e9e75' WHERE id = 16;
UPDATE public.photoshots SET created_by = '7228984f-c255-410f-9b19-c97eed9e9e75' WHERE id = 17;
UPDATE public.photoshots SET created_by = '7228984f-c255-410f-9b19-c97eed9e9e75' WHERE id = 18;
UPDATE public.photoshots SET created_by = '7228984f-c255-410f-9b19-c97eed9e9e75' WHERE id = 19;
UPDATE public.photoshots SET created_by = '7228984f-c255-410f-9b19-c97eed9e9e75' WHERE id = 20;
UPDATE public.photoshots SET created_by = '7228984f-c255-410f-9b19-c97eed9e9e75' WHERE id = 21;
UPDATE public.photoshots SET created_by = '7228984f-c255-410f-9b19-c97eed9e9e75' WHERE id = 22;
UPDATE public.photoshots SET created_by = '7228984f-c255-410f-9b19-c97eed9e9e75' WHERE id = 23;
UPDATE public.photoshots SET created_by = '7228984f-c255-410f-9b19-c97eed9e9e75' WHERE id = 24;
UPDATE public.photoshots SET created_by = '7228984f-c255-410f-9b19-c97eed9e9e75' WHERE id = 25;
UPDATE public.photoshots SET created_by = '7228984f-c255-410f-9b19-c97eed9e9e75' WHERE id = 26;
UPDATE public.photoshots SET created_by = '7228984f-c255-410f-9b19-c97eed9e9e75' WHERE id = 27;
UPDATE public.photoshots SET created_by = '7228984f-c255-410f-9b19-c97eed9e9e75' WHERE id = 28;
UPDATE public.photoshots SET created_by = '7228984f-c255-410f-9b19-c97eed9e9e75' WHERE id = 29;
UPDATE public.photoshots SET created_by = '7228984f-c255-410f-9b19-c97eed9e9e75' WHERE id = 30;
SELECT setval('"public"."photoshots_id_seq"'::regclass, (SELECT MAX("id") FROM "public"."photoshots"));
INSERT INTO public.photoshot_tags (id,created_at,tag_id) VALUES (16, DEFAULT, 2), (16, DEFAULT, 3), (16, DEFAULT, 6), (16, DEFAULT, 7);
SELECT setval('"public"."photoshot_tags_id_seq"'::regclass, (SELECT MAX("id") FROM "public"."photoshot_tags"));
INSERT INTO public.photoshot_likes (photoshot_id,created_at,created_by,like_type) VALUES (16, DEFAULT, '885a0c00-1512-4442-8edd-d5cbe7e43ecc', 1), (16, DEFAULT, '7228984f-c255-410f-9b19-c97eed9e9e75', 1), (16, DEFAULT, 'fef3078b-3ef3-488c-91d9-aa8ad1f54d29', 1), (16, DEFAULT, 'c9fe6565-6bb6-4a4c-a1cd-7fbe244f4599', 1);
INSERT INTO public.saved_photoshots (id,created_at,photoshot_id) VALUES ('3a2e5788-d2ad-4939-8079-5ec8a0ab6cc1', DEFAULT, 16), ('7228984f-c255-410f-9b19-c97eed9e9e75', DEFAULT, 16), ('c9fe6565-6bb6-4a4c-a1cd-7fbe244f4599', DEFAULT, 16), ('e5a2c764-53b1-4820-82df-6855b070285a', DEFAULT, 16);
INSERT INTO public.photoshot_tags (id,created_at,tag_id) VALUES (17, DEFAULT, 9), (17, DEFAULT, 5), (17, DEFAULT, 10), (17, DEFAULT, 3);
SELECT setval('"public"."photoshot_tags_id_seq"'::regclass, (SELECT MAX("id") FROM "public"."photoshot_tags"));
INSERT INTO public.photoshot_likes (photoshot_id,created_at,created_by,like_type) VALUES (17, DEFAULT, '3a2e5788-d2ad-4939-8079-5ec8a0ab6cc1', 1), (17, DEFAULT, '7228984f-c255-410f-9b19-c97eed9e9e75', 1), (17, DEFAULT, 'e529c355-b9ff-4fd7-b4ff-bbb34eadef95', 1);
INSERT INTO public.saved_photoshots (id,created_at,photoshot_id) VALUES ('c9fe6565-6bb6-4a4c-a1cd-7fbe244f4599', DEFAULT, 17), ('e529c355-b9ff-4fd7-b4ff-bbb34eadef95', DEFAULT, 17), ('e5a2c764-53b1-4820-82df-6855b070285a', DEFAULT, 17), ('3a2e5788-d2ad-4939-8079-5ec8a0ab6cc1', DEFAULT, 17), ('885a0c00-1512-4442-8edd-d5cbe7e43ecc', DEFAULT, 17);
INSERT INTO public.photoshot_tags (id,created_at,tag_id) VALUES (18, DEFAULT, 1), (18, DEFAULT, 2), (18, DEFAULT, 7), (18, DEFAULT, 3), (18, DEFAULT, 8);
SELECT setval('"public"."photoshot_tags_id_seq"'::regclass, (SELECT MAX("id") FROM "public"."photoshot_tags"));
INSERT INTO public.photoshot_likes (photoshot_id,created_at,created_by,like_type) VALUES (18, DEFAULT, '3a2e5788-d2ad-4939-8079-5ec8a0ab6cc1', 1), (18, DEFAULT, '7228984f-c255-410f-9b19-c97eed9e9e75', 1), (18, DEFAULT, 'fef3078b-3ef3-488c-91d9-aa8ad1f54d29', 1), (18, DEFAULT, '885a0c00-1512-4442-8edd-d5cbe7e43ecc', 1);
INSERT INTO public.saved_photoshots (id,created_at,photoshot_id) VALUES ('7228984f-c255-410f-9b19-c97eed9e9e75', DEFAULT, 18), ('27e02716-988f-4cd4-a694-124a81b7f5c0', DEFAULT, 18), ('3a2e5788-d2ad-4939-8079-5ec8a0ab6cc1', DEFAULT, 18), ('8117f5dd-ad95-4c45-b393-b48ce35b1899', DEFAULT, 18), ('885a0c00-1512-4442-8edd-d5cbe7e43ecc', DEFAULT, 18);
INSERT INTO public.photoshot_tags (id,created_at,tag_id) VALUES (19, DEFAULT, 1), (19, DEFAULT, 9);
SELECT setval('"public"."photoshot_tags_id_seq"'::regclass, (SELECT MAX("id") FROM "public"."photoshot_tags"));
INSERT INTO public.photoshot_likes (photoshot_id,created_at,created_by,like_type) VALUES (19, DEFAULT, '885a0c00-1512-4442-8edd-d5cbe7e43ecc', 1), (19, DEFAULT, '7228984f-c255-410f-9b19-c97eed9e9e75', 1), (19, DEFAULT, 'fef3078b-3ef3-488c-91d9-aa8ad1f54d29', 1), (19, DEFAULT, 'c9fe6565-6bb6-4a4c-a1cd-7fbe244f4599', 1);
INSERT INTO public.saved_photoshots (id,created_at,photoshot_id) VALUES ('8117f5dd-ad95-4c45-b393-b48ce35b1899', DEFAULT, 19), ('e5a2c764-53b1-4820-82df-6855b070285a', DEFAULT, 19), ('885a0c00-1512-4442-8edd-d5cbe7e43ecc', DEFAULT, 19), ('27e02716-988f-4cd4-a694-124a81b7f5c0', DEFAULT, 19), ('fef3078b-3ef3-488c-91d9-aa8ad1f54d29', DEFAULT, 19);
INSERT INTO public.photoshot_tags (id,created_at,tag_id) VALUES (20, DEFAULT, 5), (20, DEFAULT, 9), (20, DEFAULT, 1), (20, DEFAULT, 2), (20, DEFAULT, 8);
SELECT setval('"public"."photoshot_tags_id_seq"'::regclass, (SELECT MAX("id") FROM "public"."photoshot_tags"));
INSERT INTO public.photoshot_likes (photoshot_id,created_at,created_by,like_type) VALUES (20, DEFAULT, 'e529c355-b9ff-4fd7-b4ff-bbb34eadef95', 1), (20, DEFAULT, 'c9fe6565-6bb6-4a4c-a1cd-7fbe244f4599', 1);
INSERT INTO public.saved_photoshots (id,created_at,photoshot_id) VALUES ('8117f5dd-ad95-4c45-b393-b48ce35b1899', DEFAULT, 20), ('3a2e5788-d2ad-4939-8079-5ec8a0ab6cc1', DEFAULT, 20), ('885a0c00-1512-4442-8edd-d5cbe7e43ecc', DEFAULT, 20), ('c9fe6565-6bb6-4a4c-a1cd-7fbe244f4599', DEFAULT, 20);
INSERT INTO public.photoshot_tags (id,created_at,tag_id) VALUES (21, DEFAULT, 2), (21, DEFAULT, 1), (21, DEFAULT, 5);
SELECT setval('"public"."photoshot_tags_id_seq"'::regclass, (SELECT MAX("id") FROM "public"."photoshot_tags"));
INSERT INTO public.photoshot_likes (photoshot_id,created_at,created_by,like_type) VALUES (21, DEFAULT, 'fef3078b-3ef3-488c-91d9-aa8ad1f54d29', 1), (21, DEFAULT, 'e5a2c764-53b1-4820-82df-6855b070285a', 1), (21, DEFAULT, 'e529c355-b9ff-4fd7-b4ff-bbb34eadef95', 1);
INSERT INTO public.saved_photoshots (id,created_at,photoshot_id) VALUES ('e529c355-b9ff-4fd7-b4ff-bbb34eadef95', DEFAULT, 21);
INSERT INTO public.photoshot_tags (id,created_at,tag_id) VALUES (22, DEFAULT, 3), (22, DEFAULT, 10);
SELECT setval('"public"."photoshot_tags_id_seq"'::regclass, (SELECT MAX("id") FROM "public"."photoshot_tags"));
INSERT INTO public.photoshot_likes (photoshot_id,created_at,created_by,like_type) VALUES (22, DEFAULT, 'c9fe6565-6bb6-4a4c-a1cd-7fbe244f4599', 1), (22, DEFAULT, '885a0c00-1512-4442-8edd-d5cbe7e43ecc', 1), (22, DEFAULT, 'e529c355-b9ff-4fd7-b4ff-bbb34eadef95', 1), (22, DEFAULT, '3a2e5788-d2ad-4939-8079-5ec8a0ab6cc1', 1);
INSERT INTO public.saved_photoshots (id,created_at,photoshot_id) VALUES ('885a0c00-1512-4442-8edd-d5cbe7e43ecc', DEFAULT, 22), ('27e02716-988f-4cd4-a694-124a81b7f5c0', DEFAULT, 22), ('7228984f-c255-410f-9b19-c97eed9e9e75', DEFAULT, 22), ('e529c355-b9ff-4fd7-b4ff-bbb34eadef95', DEFAULT, 22), ('fef3078b-3ef3-488c-91d9-aa8ad1f54d29', DEFAULT, 22);
INSERT INTO public.photoshot_tags (id,created_at,tag_id) VALUES (23, DEFAULT, 7), (23, DEFAULT, 2), (23, DEFAULT, 9), (23, DEFAULT, 6), (23, DEFAULT, 1);
SELECT setval('"public"."photoshot_tags_id_seq"'::regclass, (SELECT MAX("id") FROM "public"."photoshot_tags"));
INSERT INTO public.photoshot_likes (photoshot_id,created_at,created_by,like_type) VALUES (23, DEFAULT, 'c9fe6565-6bb6-4a4c-a1cd-7fbe244f4599', 1), (23, DEFAULT, '885a0c00-1512-4442-8edd-d5cbe7e43ecc', 1), (23, DEFAULT, 'e529c355-b9ff-4fd7-b4ff-bbb34eadef95', 1), (23, DEFAULT, '7228984f-c255-410f-9b19-c97eed9e9e75', 1);
;
INSERT INTO public.photoshot_tags (id,created_at,tag_id) VALUES (24, DEFAULT, 5), (24, DEFAULT, 3), (24, DEFAULT, 10);
SELECT setval('"public"."photoshot_tags_id_seq"'::regclass, (SELECT MAX("id") FROM "public"."photoshot_tags"));
INSERT INTO public.photoshot_likes (photoshot_id,created_at,created_by,like_type) VALUES (24, DEFAULT, 'fef3078b-3ef3-488c-91d9-aa8ad1f54d29', 1), (24, DEFAULT, 'e529c355-b9ff-4fd7-b4ff-bbb34eadef95', 1), (24, DEFAULT, '27e02716-988f-4cd4-a694-124a81b7f5c0', 1), (24, DEFAULT, 'c9fe6565-6bb6-4a4c-a1cd-7fbe244f4599', 1);
INSERT INTO public.saved_photoshots (id,created_at,photoshot_id) VALUES ('e5a2c764-53b1-4820-82df-6855b070285a', DEFAULT, 24), ('e529c355-b9ff-4fd7-b4ff-bbb34eadef95', DEFAULT, 24), ('885a0c00-1512-4442-8edd-d5cbe7e43ecc', DEFAULT, 24);
INSERT INTO public.photoshot_tags (id,created_at,tag_id) VALUES (25, DEFAULT, 7), (25, DEFAULT, 8), (25, DEFAULT, 9);
SELECT setval('"public"."photoshot_tags_id_seq"'::regclass, (SELECT MAX("id") FROM "public"."photoshot_tags"));
INSERT INTO public.photoshot_likes (photoshot_id,created_at,created_by,like_type) VALUES (25, DEFAULT, '8117f5dd-ad95-4c45-b393-b48ce35b1899', 1), (25, DEFAULT, '27e02716-988f-4cd4-a694-124a81b7f5c0', 1), (25, DEFAULT, 'fef3078b-3ef3-488c-91d9-aa8ad1f54d29', 1), (25, DEFAULT, '3a2e5788-d2ad-4939-8079-5ec8a0ab6cc1', 1);
INSERT INTO public.saved_photoshots (id,created_at,photoshot_id) VALUES ('8117f5dd-ad95-4c45-b393-b48ce35b1899', DEFAULT, 25);
INSERT INTO public.photoshot_tags (id,created_at,tag_id) VALUES (26, DEFAULT, 8), (26, DEFAULT, 2), (26, DEFAULT, 6), (26, DEFAULT, 1);
SELECT setval('"public"."photoshot_tags_id_seq"'::regclass, (SELECT MAX("id") FROM "public"."photoshot_tags"));
INSERT INTO public.photoshot_likes (photoshot_id,created_at,created_by,like_type) VALUES (26, DEFAULT, '7228984f-c255-410f-9b19-c97eed9e9e75', 1);
INSERT INTO public.saved_photoshots (id,created_at,photoshot_id) VALUES ('8117f5dd-ad95-4c45-b393-b48ce35b1899', DEFAULT, 26), ('27e02716-988f-4cd4-a694-124a81b7f5c0', DEFAULT, 26), ('3a2e5788-d2ad-4939-8079-5ec8a0ab6cc1', DEFAULT, 26), ('e5a2c764-53b1-4820-82df-6855b070285a', DEFAULT, 26);
INSERT INTO public.photoshot_tags (id,created_at,tag_id) VALUES (27, DEFAULT, 8);
SELECT setval('"public"."photoshot_tags_id_seq"'::regclass, (SELECT MAX("id") FROM "public"."photoshot_tags"));
;
INSERT INTO public.saved_photoshots (id,created_at,photoshot_id) VALUES ('27e02716-988f-4cd4-a694-124a81b7f5c0', DEFAULT, 27), ('e529c355-b9ff-4fd7-b4ff-bbb34eadef95', DEFAULT, 27), ('7228984f-c255-410f-9b19-c97eed9e9e75', DEFAULT, 27), ('fef3078b-3ef3-488c-91d9-aa8ad1f54d29', DEFAULT, 27), ('e5a2c764-53b1-4820-82df-6855b070285a', DEFAULT, 27);
INSERT INTO public.photoshot_tags (id,created_at,tag_id) VALUES (28, DEFAULT, 10);
SELECT setval('"public"."photoshot_tags_id_seq"'::regclass, (SELECT MAX("id") FROM "public"."photoshot_tags"));
INSERT INTO public.photoshot_likes (photoshot_id,created_at,created_by,like_type) VALUES (28, DEFAULT, 'fef3078b-3ef3-488c-91d9-aa8ad1f54d29', 1);
INSERT INTO public.saved_photoshots (id,created_at,photoshot_id) VALUES ('e529c355-b9ff-4fd7-b4ff-bbb34eadef95', DEFAULT, 28);
INSERT INTO public.photoshot_tags (id,created_at,tag_id) VALUES (29, DEFAULT, 3), (29, DEFAULT, 6), (29, DEFAULT, 5);
SELECT setval('"public"."photoshot_tags_id_seq"'::regclass, (SELECT MAX("id") FROM "public"."photoshot_tags"));
INSERT INTO public.photoshot_likes (photoshot_id,created_at,created_by,like_type) VALUES (29, DEFAULT, '3a2e5788-d2ad-4939-8079-5ec8a0ab6cc1', 1), (29, DEFAULT, '8117f5dd-ad95-4c45-b393-b48ce35b1899', 1), (29, DEFAULT, '27e02716-988f-4cd4-a694-124a81b7f5c0', 1);
INSERT INTO public.saved_photoshots (id,created_at,photoshot_id) VALUES ('27e02716-988f-4cd4-a694-124a81b7f5c0', DEFAULT, 29), ('885a0c00-1512-4442-8edd-d5cbe7e43ecc', DEFAULT, 29);
INSERT INTO public.photoshot_tags (id,created_at,tag_id) VALUES (30, DEFAULT, 7);
SELECT setval('"public"."photoshot_tags_id_seq"'::regclass, (SELECT MAX("id") FROM "public"."photoshot_tags"));
INSERT INTO public.photoshot_likes (photoshot_id,created_at,created_by,like_type) VALUES (30, DEFAULT, '8117f5dd-ad95-4c45-b393-b48ce35b1899', 1), (30, DEFAULT, 'e5a2c764-53b1-4820-82df-6855b070285a', 1), (30, DEFAULT, 'fef3078b-3ef3-488c-91d9-aa8ad1f54d29', 1), (30, DEFAULT, '27e02716-988f-4cd4-a694-124a81b7f5c0', 1);
INSERT INTO public.saved_photoshots (id,created_at,photoshot_id) VALUES ('7228984f-c255-410f-9b19-c97eed9e9e75', DEFAULT, 30), ('3a2e5788-d2ad-4939-8079-5ec8a0ab6cc1', DEFAULT, 30), ('27e02716-988f-4cd4-a694-124a81b7f5c0', DEFAULT, 30), ('e5a2c764-53b1-4820-82df-6855b070285a', DEFAULT, 30), ('c9fe6565-6bb6-4a4c-a1cd-7fbe244f4599', DEFAULT, 30);
INSERT INTO public.photospot_reviews (created_at,created_by,rating,text,photospot_id,edited,id) VALUES (DEFAULT, 'c9fe6565-6bb6-4a4c-a1cd-7fbe244f4599', 2, 'Beautiful spot, but be careful of the steep cliffs.', 3, DEFAULT, 417343), (DEFAULT, '885a0c00-1512-4442-8edd-d5cbe7e43ecc', 2, 'Perfect spot for a peaceful morning meditation.', 3, DEFAULT, 10496578), (DEFAULT, 'e5a2c764-53b1-4820-82df-6855b070285a', 3, 'Bring a map and compass, even with GPS. The trails can be confusing.', 3, DEFAULT, 7323265), (DEFAULT, 'e529c355-b9ff-4fd7-b4ff-bbb34eadef95', 5, 'Beautiful spot, but wish there were more signs indicating the trails.', 3, DEFAULT, 15069634), (DEFAULT, '7228984f-c255-410f-9b19-c97eed9e9e75', 1, 'This spot is perfect for a romantic evening stroll.', 3, DEFAULT, 3566082), (DEFAULT, '27e02716-988f-4cd4-a694-124a81b7f5c0', 2, 'The hike was tougher than expected, but the scenery was well worth it.', 3, DEFAULT, 4249445), (DEFAULT, 'fef3078b-3ef3-488c-91d9-aa8ad1f54d29', 3, 'Bring sunscreen and a hat, even on cloudy days.', 3, DEFAULT, 3874771), (DEFAULT, '8117f5dd-ad95-4c45-b393-b48ce35b1899', 5, 'This spot is perfect for a romantic evening stroll.', 3, DEFAULT, 8808284);
SELECT setval('"public"."photospot_reviews_id_seq"'::regclass, (SELECT MAX("id") FROM "public"."photospot_reviews"));
INSERT INTO public.photoshots (id,created_at,photospot_id,name,recreate_text,photo_paths,created_by) VALUES (31, DEFAULT, 3, 'Sandy Toes', 'Capture a photo of yourself standing in front of a colorful graffiti wall, wearing a trendy outfit and holding a pair of sunglasses.', '{"https://picsum.photos/id/458/400/400","https://picsum.photos/id/867/400/400","https://picsum.photos/id/919/400/400"}', NULL), (32, DEFAULT, 3, 'Mountain Climbing', 'To recreate, find a historic landmark, wear a cultural outfit and hold a souvenir.', '{"https://picsum.photos/id/654/400/400","https://picsum.photos/id/559/400/400","https://picsum.photos/id/150/400/400"}', NULL), (33, DEFAULT, 3, 'Tropical Oasis', 'Recreate by posing on a skateboard, wearing a helmet and holding a skateboard.', '{"https://picsum.photos/id/995/400/400","https://picsum.photos/id/862/400/400","https://picsum.photos/id/255/400/400"}', NULL), (34, DEFAULT, 3, 'Sunny Days', 'To recreate, find a historic landmark, wear a cultural outfit and hold a souvenir.', '{"https://picsum.photos/id/526/400/400","https://picsum.photos/id/140/400/400","https://picsum.photos/id/444/400/400"}', NULL), (35, DEFAULT, 3, 'Summer Nights', 'Recreate by standing in front of a plain white background, wearing a yellow dress and holding a bouquet of flowers.', '{"https://picsum.photos/id/793/400/400","https://picsum.photos/id/8/400/400","https://picsum.photos/id/853/400/400"}', NULL), (36, DEFAULT, 3, 'New York City Skyline', 'Capture a photo of yourself standing in front of a beautiful garden, wearing a wide-brimmed hat and holding a basket of flowers.', '{"https://picsum.photos/id/562/400/400","https://picsum.photos/id/286/400/400","https://picsum.photos/id/198/400/400"}', NULL), (37, DEFAULT, 3, 'Tropical Oasis', 'Recreate by posing on a motorcycle, wearing a helmet and holding a GPS.', '{"https://picsum.photos/id/424/400/400","https://picsum.photos/id/440/400/400","https://picsum.photos/id/848/400/400"}', NULL), (38, DEFAULT, 3, 'Nighttime Cityscape', 'To recreate, find a minimalist background, wear a simple dress and hold a book.', '{"https://picsum.photos/id/779/400/400","https://picsum.photos/id/937/400/400","https://picsum.photos/id/413/400/400"}', NULL), (39, DEFAULT, 3, 'Fashionable Friends', 'Sit on a porch swing, wearing a comfortable outfit and holding a glass of lemonade.', '{"https://picsum.photos/id/949/400/400","https://picsum.photos/id/166/400/400","https://picsum.photos/id/610/400/400"}', NULL), (40, DEFAULT, 3, 'Seaside Fun', 'Recreate by standing in a luxurious dressing room, wearing a glamorous gown and holding a diamond necklace.', '{"https://picsum.photos/id/482/400/400","https://picsum.photos/id/390/400/400","https://picsum.photos/id/851/400/400"}', NULL), (41, DEFAULT, 3, 'Foodie Heaven', 'Recreate by standing in a modern kitchen, wearing a chef''s hat and holding a mixing bowl.', '{"https://picsum.photos/id/104/400/400","https://picsum.photos/id/904/400/400","https://picsum.photos/id/603/400/400"}', NULL), (42, DEFAULT, 3, 'Mountain Peak', 'To recreate, find a minimalist background, wear a simple dress and hold a book.', '{"https://picsum.photos/id/292/400/400","https://picsum.photos/id/544/400/400","https://picsum.photos/id/886/400/400"}', NULL), (43, DEFAULT, 3, 'City Lights at Night', 'Sit on a porch swing, wearing a comfortable outfit and holding a glass of lemonade.', '{"https://picsum.photos/id/523/400/400","https://picsum.photos/id/609/400/400","https://picsum.photos/id/417/400/400"}', NULL), (44, DEFAULT, 3, 'Laughter and Memories', 'To recreate, find a cozy coffee shop, wear a scarf and hold a laptop.', '{"https://picsum.photos/id/131/400/400","https://picsum.photos/id/305/400/400","https://picsum.photos/id/93/400/400"}', NULL), (45, DEFAULT, 3, 'Floral Beauty', 'Capture a photo of yourself sitting on a couch, surrounded by pillows, wearing a cozy sweater and holding a warm cup of coffee.', '{"https://picsum.photos/id/141/400/400","https://picsum.photos/id/137/400/400","https://picsum.photos/id/672/400/400"}', NULL);
UPDATE public.photoshots SET created_by = '8117f5dd-ad95-4c45-b393-b48ce35b1899' WHERE id = 31;
UPDATE public.photoshots SET created_by = '8117f5dd-ad95-4c45-b393-b48ce35b1899' WHERE id = 32;
UPDATE public.photoshots SET created_by = '8117f5dd-ad95-4c45-b393-b48ce35b1899' WHERE id = 33;
UPDATE public.photoshots SET created_by = '8117f5dd-ad95-4c45-b393-b48ce35b1899' WHERE id = 34;
UPDATE public.photoshots SET created_by = '8117f5dd-ad95-4c45-b393-b48ce35b1899' WHERE id = 35;
UPDATE public.photoshots SET created_by = '8117f5dd-ad95-4c45-b393-b48ce35b1899' WHERE id = 36;
UPDATE public.photoshots SET created_by = '8117f5dd-ad95-4c45-b393-b48ce35b1899' WHERE id = 37;
UPDATE public.photoshots SET created_by = '8117f5dd-ad95-4c45-b393-b48ce35b1899' WHERE id = 38;
UPDATE public.photoshots SET created_by = '8117f5dd-ad95-4c45-b393-b48ce35b1899' WHERE id = 39;
UPDATE public.photoshots SET created_by = '8117f5dd-ad95-4c45-b393-b48ce35b1899' WHERE id = 40;
UPDATE public.photoshots SET created_by = '8117f5dd-ad95-4c45-b393-b48ce35b1899' WHERE id = 41;
UPDATE public.photoshots SET created_by = '8117f5dd-ad95-4c45-b393-b48ce35b1899' WHERE id = 42;
UPDATE public.photoshots SET created_by = '8117f5dd-ad95-4c45-b393-b48ce35b1899' WHERE id = 43;
UPDATE public.photoshots SET created_by = '8117f5dd-ad95-4c45-b393-b48ce35b1899' WHERE id = 44;
UPDATE public.photoshots SET created_by = '8117f5dd-ad95-4c45-b393-b48ce35b1899' WHERE id = 45;
SELECT setval('"public"."photoshots_id_seq"'::regclass, (SELECT MAX("id") FROM "public"."photoshots"));
INSERT INTO public.photoshot_tags (id,created_at,tag_id) VALUES (31, DEFAULT, 6), (31, DEFAULT, 1), (31, DEFAULT, 7), (31, DEFAULT, 8), (31, DEFAULT, 2);
SELECT setval('"public"."photoshot_tags_id_seq"'::regclass, (SELECT MAX("id") FROM "public"."photoshot_tags"));
INSERT INTO public.photoshot_likes (photoshot_id,created_at,created_by,like_type) VALUES (31, DEFAULT, 'e529c355-b9ff-4fd7-b4ff-bbb34eadef95', 1), (31, DEFAULT, 'c9fe6565-6bb6-4a4c-a1cd-7fbe244f4599', 1);
INSERT INTO public.saved_photoshots (id,created_at,photoshot_id) VALUES ('27e02716-988f-4cd4-a694-124a81b7f5c0', DEFAULT, 31);
INSERT INTO public.photoshot_tags (id,created_at,tag_id) VALUES (32, DEFAULT, 5), (32, DEFAULT, 7);
SELECT setval('"public"."photoshot_tags_id_seq"'::regclass, (SELECT MAX("id") FROM "public"."photoshot_tags"));
;
INSERT INTO public.saved_photoshots (id,created_at,photoshot_id) VALUES ('3a2e5788-d2ad-4939-8079-5ec8a0ab6cc1', DEFAULT, 32), ('8117f5dd-ad95-4c45-b393-b48ce35b1899', DEFAULT, 32), ('e5a2c764-53b1-4820-82df-6855b070285a', DEFAULT, 32), ('fef3078b-3ef3-488c-91d9-aa8ad1f54d29', DEFAULT, 32), ('c9fe6565-6bb6-4a4c-a1cd-7fbe244f4599', DEFAULT, 32);
INSERT INTO public.photoshot_tags (id,created_at,tag_id) VALUES (33, DEFAULT, 2), (33, DEFAULT, 4);
SELECT setval('"public"."photoshot_tags_id_seq"'::regclass, (SELECT MAX("id") FROM "public"."photoshot_tags"));
INSERT INTO public.photoshot_likes (photoshot_id,created_at,created_by,like_type) VALUES (33, DEFAULT, 'fef3078b-3ef3-488c-91d9-aa8ad1f54d29', 1), (33, DEFAULT, 'e5a2c764-53b1-4820-82df-6855b070285a', 1), (33, DEFAULT, '7228984f-c255-410f-9b19-c97eed9e9e75', 1);
INSERT INTO public.saved_photoshots (id,created_at,photoshot_id) VALUES ('885a0c00-1512-4442-8edd-d5cbe7e43ecc', DEFAULT, 33), ('3a2e5788-d2ad-4939-8079-5ec8a0ab6cc1', DEFAULT, 33), ('fef3078b-3ef3-488c-91d9-aa8ad1f54d29', DEFAULT, 33);
INSERT INTO public.photoshot_tags (id,created_at,tag_id) VALUES (34, DEFAULT, 7);
SELECT setval('"public"."photoshot_tags_id_seq"'::regclass, (SELECT MAX("id") FROM "public"."photoshot_tags"));
INSERT INTO public.photoshot_likes (photoshot_id,created_at,created_by,like_type) VALUES (34, DEFAULT, 'c9fe6565-6bb6-4a4c-a1cd-7fbe244f4599', 1), (34, DEFAULT, '7228984f-c255-410f-9b19-c97eed9e9e75', 1), (34, DEFAULT, 'e5a2c764-53b1-4820-82df-6855b070285a', 1), (34, DEFAULT, '8117f5dd-ad95-4c45-b393-b48ce35b1899', 1), (34, DEFAULT, '27e02716-988f-4cd4-a694-124a81b7f5c0', 1);
INSERT INTO public.saved_photoshots (id,created_at,photoshot_id) VALUES ('8117f5dd-ad95-4c45-b393-b48ce35b1899', DEFAULT, 34), ('27e02716-988f-4cd4-a694-124a81b7f5c0', DEFAULT, 34), ('885a0c00-1512-4442-8edd-d5cbe7e43ecc', DEFAULT, 34);
INSERT INTO public.photoshot_tags (id,created_at,tag_id) VALUES (35, DEFAULT, 7), (35, DEFAULT, 2), (35, DEFAULT, 6);
SELECT setval('"public"."photoshot_tags_id_seq"'::regclass, (SELECT MAX("id") FROM "public"."photoshot_tags"));
INSERT INTO public.photoshot_likes (photoshot_id,created_at,created_by,like_type) VALUES (35, DEFAULT, '3a2e5788-d2ad-4939-8079-5ec8a0ab6cc1', 1), (35, DEFAULT, 'e529c355-b9ff-4fd7-b4ff-bbb34eadef95', 1), (35, DEFAULT, 'c9fe6565-6bb6-4a4c-a1cd-7fbe244f4599', 1), (35, DEFAULT, '8117f5dd-ad95-4c45-b393-b48ce35b1899', 1);
INSERT INTO public.saved_photoshots (id,created_at,photoshot_id) VALUES ('27e02716-988f-4cd4-a694-124a81b7f5c0', DEFAULT, 35);
INSERT INTO public.photoshot_tags (id,created_at,tag_id) VALUES (36, DEFAULT, 7), (36, DEFAULT, 2), (36, DEFAULT, 6);
SELECT setval('"public"."photoshot_tags_id_seq"'::regclass, (SELECT MAX("id") FROM "public"."photoshot_tags"));
;
INSERT INTO public.saved_photoshots (id,created_at,photoshot_id) VALUES ('e5a2c764-53b1-4820-82df-6855b070285a', DEFAULT, 36), ('3a2e5788-d2ad-4939-8079-5ec8a0ab6cc1', DEFAULT, 36), ('e529c355-b9ff-4fd7-b4ff-bbb34eadef95', DEFAULT, 36), ('885a0c00-1512-4442-8edd-d5cbe7e43ecc', DEFAULT, 36);
INSERT INTO public.photoshot_tags (id,created_at,tag_id) VALUES (37, DEFAULT, 4), (37, DEFAULT, 7), (37, DEFAULT, 3);
SELECT setval('"public"."photoshot_tags_id_seq"'::regclass, (SELECT MAX("id") FROM "public"."photoshot_tags"));
INSERT INTO public.photoshot_likes (photoshot_id,created_at,created_by,like_type) VALUES (37, DEFAULT, '885a0c00-1512-4442-8edd-d5cbe7e43ecc', 1), (37, DEFAULT, 'c9fe6565-6bb6-4a4c-a1cd-7fbe244f4599', 1), (37, DEFAULT, '3a2e5788-d2ad-4939-8079-5ec8a0ab6cc1', 1), (37, DEFAULT, 'e5a2c764-53b1-4820-82df-6855b070285a', 1);
INSERT INTO public.saved_photoshots (id,created_at,photoshot_id) VALUES ('8117f5dd-ad95-4c45-b393-b48ce35b1899', DEFAULT, 37), ('7228984f-c255-410f-9b19-c97eed9e9e75', DEFAULT, 37), ('fef3078b-3ef3-488c-91d9-aa8ad1f54d29', DEFAULT, 37);
INSERT INTO public.photoshot_tags (id,created_at,tag_id) VALUES (38, DEFAULT, 8), (38, DEFAULT, 3), (38, DEFAULT, 5);
SELECT setval('"public"."photoshot_tags_id_seq"'::regclass, (SELECT MAX("id") FROM "public"."photoshot_tags"));
INSERT INTO public.photoshot_likes (photoshot_id,created_at,created_by,like_type) VALUES (38, DEFAULT, '27e02716-988f-4cd4-a694-124a81b7f5c0', 1), (38, DEFAULT, '3a2e5788-d2ad-4939-8079-5ec8a0ab6cc1', 1), (38, DEFAULT, '8117f5dd-ad95-4c45-b393-b48ce35b1899', 1), (38, DEFAULT, '7228984f-c255-410f-9b19-c97eed9e9e75', 1), (38, DEFAULT, 'fef3078b-3ef3-488c-91d9-aa8ad1f54d29', 1);
INSERT INTO public.saved_photoshots (id,created_at,photoshot_id) VALUES ('27e02716-988f-4cd4-a694-124a81b7f5c0', DEFAULT, 38), ('fef3078b-3ef3-488c-91d9-aa8ad1f54d29', DEFAULT, 38), ('e5a2c764-53b1-4820-82df-6855b070285a', DEFAULT, 38), ('c9fe6565-6bb6-4a4c-a1cd-7fbe244f4599', DEFAULT, 38), ('e529c355-b9ff-4fd7-b4ff-bbb34eadef95', DEFAULT, 38);
INSERT INTO public.photoshot_tags (id,created_at,tag_id) VALUES (39, DEFAULT, 8), (39, DEFAULT, 7), (39, DEFAULT, 2);
SELECT setval('"public"."photoshot_tags_id_seq"'::regclass, (SELECT MAX("id") FROM "public"."photoshot_tags"));
INSERT INTO public.photoshot_likes (photoshot_id,created_at,created_by,like_type) VALUES (39, DEFAULT, '885a0c00-1512-4442-8edd-d5cbe7e43ecc', 1);
INSERT INTO public.saved_photoshots (id,created_at,photoshot_id) VALUES ('8117f5dd-ad95-4c45-b393-b48ce35b1899', DEFAULT, 39);
INSERT INTO public.photoshot_tags (id,created_at,tag_id) VALUES (40, DEFAULT, 8);
SELECT setval('"public"."photoshot_tags_id_seq"'::regclass, (SELECT MAX("id") FROM "public"."photoshot_tags"));
INSERT INTO public.photoshot_likes (photoshot_id,created_at,created_by,like_type) VALUES (40, DEFAULT, '27e02716-988f-4cd4-a694-124a81b7f5c0', 1), (40, DEFAULT, 'e529c355-b9ff-4fd7-b4ff-bbb34eadef95', 1);
INSERT INTO public.saved_photoshots (id,created_at,photoshot_id) VALUES ('e5a2c764-53b1-4820-82df-6855b070285a', DEFAULT, 40), ('27e02716-988f-4cd4-a694-124a81b7f5c0', DEFAULT, 40), ('e529c355-b9ff-4fd7-b4ff-bbb34eadef95', DEFAULT, 40);
INSERT INTO public.photoshot_tags (id,created_at,tag_id) VALUES (41, DEFAULT, 10), (41, DEFAULT, 5), (41, DEFAULT, 2);
SELECT setval('"public"."photoshot_tags_id_seq"'::regclass, (SELECT MAX("id") FROM "public"."photoshot_tags"));
INSERT INTO public.photoshot_likes (photoshot_id,created_at,created_by,like_type) VALUES (41, DEFAULT, 'c9fe6565-6bb6-4a4c-a1cd-7fbe244f4599', 1), (41, DEFAULT, '8117f5dd-ad95-4c45-b393-b48ce35b1899', 1), (41, DEFAULT, 'e529c355-b9ff-4fd7-b4ff-bbb34eadef95', 1), (41, DEFAULT, '27e02716-988f-4cd4-a694-124a81b7f5c0', 1);
INSERT INTO public.saved_photoshots (id,created_at,photoshot_id) VALUES ('e5a2c764-53b1-4820-82df-6855b070285a', DEFAULT, 41);
INSERT INTO public.photoshot_tags (id,created_at,tag_id) VALUES (42, DEFAULT, 1), (42, DEFAULT, 3), (42, DEFAULT, 6);
SELECT setval('"public"."photoshot_tags_id_seq"'::regclass, (SELECT MAX("id") FROM "public"."photoshot_tags"));
INSERT INTO public.photoshot_likes (photoshot_id,created_at,created_by,like_type) VALUES (42, DEFAULT, '8117f5dd-ad95-4c45-b393-b48ce35b1899', 1), (42, DEFAULT, 'e529c355-b9ff-4fd7-b4ff-bbb34eadef95', 1), (42, DEFAULT, '885a0c00-1512-4442-8edd-d5cbe7e43ecc', 1);
;
INSERT INTO public.photoshot_tags (id,created_at,tag_id) VALUES (43, DEFAULT, 10);
SELECT setval('"public"."photoshot_tags_id_seq"'::regclass, (SELECT MAX("id") FROM "public"."photoshot_tags"));
INSERT INTO public.photoshot_likes (photoshot_id,created_at,created_by,like_type) VALUES (43, DEFAULT, '3a2e5788-d2ad-4939-8079-5ec8a0ab6cc1', 1), (43, DEFAULT, '885a0c00-1512-4442-8edd-d5cbe7e43ecc', 1), (43, DEFAULT, 'e5a2c764-53b1-4820-82df-6855b070285a', 1), (43, DEFAULT, '7228984f-c255-410f-9b19-c97eed9e9e75', 1);
;
INSERT INTO public.photoshot_tags (id,created_at,tag_id) VALUES (44, DEFAULT, 9);
SELECT setval('"public"."photoshot_tags_id_seq"'::regclass, (SELECT MAX("id") FROM "public"."photoshot_tags"));
INSERT INTO public.photoshot_likes (photoshot_id,created_at,created_by,like_type) VALUES (44, DEFAULT, 'c9fe6565-6bb6-4a4c-a1cd-7fbe244f4599', 1), (44, DEFAULT, '7228984f-c255-410f-9b19-c97eed9e9e75', 1), (44, DEFAULT, '3a2e5788-d2ad-4939-8079-5ec8a0ab6cc1', 1), (44, DEFAULT, 'fef3078b-3ef3-488c-91d9-aa8ad1f54d29', 1);
INSERT INTO public.saved_photoshots (id,created_at,photoshot_id) VALUES ('3a2e5788-d2ad-4939-8079-5ec8a0ab6cc1', DEFAULT, 44), ('7228984f-c255-410f-9b19-c97eed9e9e75', DEFAULT, 44);
INSERT INTO public.photoshot_tags (id,created_at,tag_id) VALUES (45, DEFAULT, 1), (45, DEFAULT, 7), (45, DEFAULT, 3), (45, DEFAULT, 6);
SELECT setval('"public"."photoshot_tags_id_seq"'::regclass, (SELECT MAX("id") FROM "public"."photoshot_tags"));
INSERT INTO public.photoshot_likes (photoshot_id,created_at,created_by,like_type) VALUES (45, DEFAULT, 'fef3078b-3ef3-488c-91d9-aa8ad1f54d29', 1);
INSERT INTO public.saved_photoshots (id,created_at,photoshot_id) VALUES ('3a2e5788-d2ad-4939-8079-5ec8a0ab6cc1', DEFAULT, 45);
INSERT INTO public.photospot_reviews (created_at,created_by,rating,text,photospot_id,edited,id) VALUES (DEFAULT, 'e5a2c764-53b1-4820-82df-6855b070285a', 2, 'This spot is a hidden gem. I''m so glad I stumbled upon it.', 4, DEFAULT, 7730975);
SELECT setval('"public"."photospot_reviews_id_seq"'::regclass, (SELECT MAX("id") FROM "public"."photospot_reviews"));
INSERT INTO public.photoshots (id,created_at,photospot_id,name,recreate_text,photo_paths,created_by) VALUES (46, DEFAULT, 4, 'Winter Wonderland', 'Capture a photo of yourself standing in front of a beautiful garden, wearing a wide-brimmed hat and holding a basket of flowers.', '{"https://picsum.photos/id/172/400/400","https://picsum.photos/id/103/400/400","https://picsum.photos/id/567/400/400"}', NULL), (47, DEFAULT, 4, 'Sunset at the Beach', 'Sit on a rooftop, wearing a trendy outfit and holding a pair of binoculars.', '{"https://picsum.photos/id/295/400/400","https://picsum.photos/id/198/400/400","https://picsum.photos/id/518/400/400"}', NULL), (48, DEFAULT, 4, 'Urban Cityscape', 'Capture a photo of yourself sitting on a couch, surrounded by pillows, wearing a cozy sweater and holding a warm cup of coffee.', '{"https://picsum.photos/id/985/400/400","https://picsum.photos/id/180/400/400","https://picsum.photos/id/341/400/400"}', NULL), (49, DEFAULT, 4, 'Tropical Oasis', 'Sit on a porch swing, wearing a comfortable outfit and holding a glass of lemonade.', '{"https://picsum.photos/id/242/400/400","https://picsum.photos/id/407/400/400","https://picsum.photos/id/756/400/400"}', NULL), (50, DEFAULT, 4, 'Urban Jungle', 'Recreate by standing in a luxurious dressing room, wearing a glamorous gown and holding a diamond necklace.', '{"https://picsum.photos/id/244/400/400","https://picsum.photos/id/562/400/400","https://picsum.photos/id/194/400/400"}', NULL), (51, DEFAULT, 4, 'New York City Skyline', 'To recreate, find a modern gym, wear a workout outfit and hold a pair of dumbbells.', '{"https://picsum.photos/id/902/400/400","https://picsum.photos/id/272/400/400","https://picsum.photos/id/466/400/400"}', NULL), (52, DEFAULT, 4, 'Tropical Oasis', 'To recreate, find a scenic outdoor location with a mountainous backdrop, wear a pair of hiking boots and hold a trekking pole.', '{"https://picsum.photos/id/65/400/400","https://picsum.photos/id/178/400/400","https://picsum.photos/id/179/400/400"}', NULL), (53, DEFAULT, 4, 'Foodie Fun', 'To recreate, find a rustic wooden background, wear a plaid shirt and hold a fishing rod.', '{"https://picsum.photos/id/546/400/400","https://picsum.photos/id/935/400/400","https://picsum.photos/id/802/400/400"}', NULL), (54, DEFAULT, 4, 'City Lights at Night', 'To recreate, find a modern gym, wear a workout outfit and hold a pair of dumbbells.', '{"https://picsum.photos/id/67/400/400","https://picsum.photos/id/966/400/400","https://picsum.photos/id/640/400/400"}', NULL), (55, DEFAULT, 4, 'Urban Cityscape', 'To recreate, find a scenic outdoor location with a mountainous backdrop, wear a pair of hiking boots and hold a trekking pole.', '{"https://picsum.photos/id/787/400/400","https://picsum.photos/id/39/400/400","https://picsum.photos/id/794/400/400"}', NULL), (56, DEFAULT, 4, 'Sunny Days', 'Recreate by standing in a modern kitchen, wearing a chef''s hat and holding a mixing bowl.', '{"https://picsum.photos/id/872/400/400","https://picsum.photos/id/944/400/400","https://picsum.photos/id/308/400/400"}', NULL), (57, DEFAULT, 4, 'New York City Skyline', 'Recreate by posing on a rocky cliff, wearing a windbreaker and holding a pair of binoculars.', '{"https://picsum.photos/id/406/400/400","https://picsum.photos/id/877/400/400","https://picsum.photos/id/501/400/400"}', NULL), (58, DEFAULT, 4, 'Tropical Oasis', 'To recreate, find a scenic outdoor location with a mountainous backdrop, wear a pair of hiking boots and hold a trekking pole.', '{"https://picsum.photos/id/382/400/400","https://picsum.photos/id/474/400/400","https://picsum.photos/id/75/400/400"}', NULL), (59, DEFAULT, 4, 'Travel Bug', 'To recreate, find a modern gym, wear a workout outfit and hold a pair of dumbbells.', '{"https://picsum.photos/id/831/400/400","https://picsum.photos/id/163/400/400","https://picsum.photos/id/175/400/400"}', NULL), (60, DEFAULT, 4, 'New York City Skyline', 'Capture a photo of yourself standing in front of a beautiful waterfall, wearing a swimsuit and holding a towel.', '{"https://picsum.photos/id/856/400/400","https://picsum.photos/id/890/400/400","https://picsum.photos/id/688/400/400"}', NULL);
UPDATE public.photoshots SET created_by = '3a2e5788-d2ad-4939-8079-5ec8a0ab6cc1' WHERE id = 46;
UPDATE public.photoshots SET created_by = '3a2e5788-d2ad-4939-8079-5ec8a0ab6cc1' WHERE id = 47;
UPDATE public.photoshots SET created_by = '3a2e5788-d2ad-4939-8079-5ec8a0ab6cc1' WHERE id = 48;
UPDATE public.photoshots SET created_by = '3a2e5788-d2ad-4939-8079-5ec8a0ab6cc1' WHERE id = 49;
UPDATE public.photoshots SET created_by = '3a2e5788-d2ad-4939-8079-5ec8a0ab6cc1' WHERE id = 50;
UPDATE public.photoshots SET created_by = '3a2e5788-d2ad-4939-8079-5ec8a0ab6cc1' WHERE id = 51;
UPDATE public.photoshots SET created_by = '3a2e5788-d2ad-4939-8079-5ec8a0ab6cc1' WHERE id = 52;
UPDATE public.photoshots SET created_by = '3a2e5788-d2ad-4939-8079-5ec8a0ab6cc1' WHERE id = 53;
UPDATE public.photoshots SET created_by = '3a2e5788-d2ad-4939-8079-5ec8a0ab6cc1' WHERE id = 54;
UPDATE public.photoshots SET created_by = '3a2e5788-d2ad-4939-8079-5ec8a0ab6cc1' WHERE id = 55;
UPDATE public.photoshots SET created_by = '3a2e5788-d2ad-4939-8079-5ec8a0ab6cc1' WHERE id = 56;
UPDATE public.photoshots SET created_by = '3a2e5788-d2ad-4939-8079-5ec8a0ab6cc1' WHERE id = 57;
UPDATE public.photoshots SET created_by = '3a2e5788-d2ad-4939-8079-5ec8a0ab6cc1' WHERE id = 58;
UPDATE public.photoshots SET created_by = '3a2e5788-d2ad-4939-8079-5ec8a0ab6cc1' WHERE id = 59;
UPDATE public.photoshots SET created_by = '3a2e5788-d2ad-4939-8079-5ec8a0ab6cc1' WHERE id = 60;
SELECT setval('"public"."photoshots_id_seq"'::regclass, (SELECT MAX("id") FROM "public"."photoshots"));
INSERT INTO public.photoshot_tags (id,created_at,tag_id) VALUES (46, DEFAULT, 4), (46, DEFAULT, 5), (46, DEFAULT, 1);
SELECT setval('"public"."photoshot_tags_id_seq"'::regclass, (SELECT MAX("id") FROM "public"."photoshot_tags"));
INSERT INTO public.photoshot_likes (photoshot_id,created_at,created_by,like_type) VALUES (46, DEFAULT, '3a2e5788-d2ad-4939-8079-5ec8a0ab6cc1', 1), (46, DEFAULT, 'e5a2c764-53b1-4820-82df-6855b070285a', 1), (46, DEFAULT, '885a0c00-1512-4442-8edd-d5cbe7e43ecc', 1), (46, DEFAULT, '7228984f-c255-410f-9b19-c97eed9e9e75', 1);
INSERT INTO public.saved_photoshots (id,created_at,photoshot_id) VALUES ('8117f5dd-ad95-4c45-b393-b48ce35b1899', DEFAULT, 46);
INSERT INTO public.photoshot_tags (id,created_at,tag_id) VALUES (47, DEFAULT, 3), (47, DEFAULT, 4);
SELECT setval('"public"."photoshot_tags_id_seq"'::regclass, (SELECT MAX("id") FROM "public"."photoshot_tags"));
INSERT INTO public.photoshot_likes (photoshot_id,created_at,created_by,like_type) VALUES (47, DEFAULT, 'c9fe6565-6bb6-4a4c-a1cd-7fbe244f4599', 1), (47, DEFAULT, 'e529c355-b9ff-4fd7-b4ff-bbb34eadef95', 1), (47, DEFAULT, '8117f5dd-ad95-4c45-b393-b48ce35b1899', 1), (47, DEFAULT, 'e5a2c764-53b1-4820-82df-6855b070285a', 1);
;
INSERT INTO public.photoshot_tags (id,created_at,tag_id) VALUES (48, DEFAULT, 4), (48, DEFAULT, 8), (48, DEFAULT, 10), (48, DEFAULT, 3);
SELECT setval('"public"."photoshot_tags_id_seq"'::regclass, (SELECT MAX("id") FROM "public"."photoshot_tags"));
INSERT INTO public.photoshot_likes (photoshot_id,created_at,created_by,like_type) VALUES (48, DEFAULT, '885a0c00-1512-4442-8edd-d5cbe7e43ecc', 1), (48, DEFAULT, 'fef3078b-3ef3-488c-91d9-aa8ad1f54d29', 1), (48, DEFAULT, 'e5a2c764-53b1-4820-82df-6855b070285a', 1), (48, DEFAULT, '7228984f-c255-410f-9b19-c97eed9e9e75', 1);
;
INSERT INTO public.photoshot_tags (id,created_at,tag_id) VALUES (49, DEFAULT, 2), (49, DEFAULT, 4), (49, DEFAULT, 9);
SELECT setval('"public"."photoshot_tags_id_seq"'::regclass, (SELECT MAX("id") FROM "public"."photoshot_tags"));
INSERT INTO public.photoshot_likes (photoshot_id,created_at,created_by,like_type) VALUES (49, DEFAULT, '7228984f-c255-410f-9b19-c97eed9e9e75', 1), (49, DEFAULT, 'e529c355-b9ff-4fd7-b4ff-bbb34eadef95', 1), (49, DEFAULT, 'e5a2c764-53b1-4820-82df-6855b070285a', 1), (49, DEFAULT, '27e02716-988f-4cd4-a694-124a81b7f5c0', 1);
INSERT INTO public.saved_photoshots (id,created_at,photoshot_id) VALUES ('27e02716-988f-4cd4-a694-124a81b7f5c0', DEFAULT, 49), ('c9fe6565-6bb6-4a4c-a1cd-7fbe244f4599', DEFAULT, 49), ('e5a2c764-53b1-4820-82df-6855b070285a', DEFAULT, 49), ('885a0c00-1512-4442-8edd-d5cbe7e43ecc', DEFAULT, 49);
INSERT INTO public.photoshot_tags (id,created_at,tag_id) VALUES (50, DEFAULT, 4), (50, DEFAULT, 6);
SELECT setval('"public"."photoshot_tags_id_seq"'::regclass, (SELECT MAX("id") FROM "public"."photoshot_tags"));
INSERT INTO public.photoshot_likes (photoshot_id,created_at,created_by,like_type) VALUES (50, DEFAULT, 'e5a2c764-53b1-4820-82df-6855b070285a', 1), (50, DEFAULT, '7228984f-c255-410f-9b19-c97eed9e9e75', 1);
;
INSERT INTO public.photoshot_tags (id,created_at,tag_id) VALUES (51, DEFAULT, 7), (51, DEFAULT, 8);
SELECT setval('"public"."photoshot_tags_id_seq"'::regclass, (SELECT MAX("id") FROM "public"."photoshot_tags"));
INSERT INTO public.photoshot_likes (photoshot_id,created_at,created_by,like_type) VALUES (51, DEFAULT, 'e529c355-b9ff-4fd7-b4ff-bbb34eadef95', 1), (51, DEFAULT, 'c9fe6565-6bb6-4a4c-a1cd-7fbe244f4599', 1), (51, DEFAULT, '8117f5dd-ad95-4c45-b393-b48ce35b1899', 1), (51, DEFAULT, 'e5a2c764-53b1-4820-82df-6855b070285a', 1);
INSERT INTO public.saved_photoshots (id,created_at,photoshot_id) VALUES ('7228984f-c255-410f-9b19-c97eed9e9e75', DEFAULT, 51), ('27e02716-988f-4cd4-a694-124a81b7f5c0', DEFAULT, 51), ('8117f5dd-ad95-4c45-b393-b48ce35b1899', DEFAULT, 51);
INSERT INTO public.photoshot_tags (id,created_at,tag_id) VALUES (52, DEFAULT, 8), (52, DEFAULT, 7);
SELECT setval('"public"."photoshot_tags_id_seq"'::regclass, (SELECT MAX("id") FROM "public"."photoshot_tags"));
INSERT INTO public.photoshot_likes (photoshot_id,created_at,created_by,like_type) VALUES (52, DEFAULT, '7228984f-c255-410f-9b19-c97eed9e9e75', 1), (52, DEFAULT, '27e02716-988f-4cd4-a694-124a81b7f5c0', 1), (52, DEFAULT, 'e5a2c764-53b1-4820-82df-6855b070285a', 1);
INSERT INTO public.saved_photoshots (id,created_at,photoshot_id) VALUES ('7228984f-c255-410f-9b19-c97eed9e9e75', DEFAULT, 52), ('c9fe6565-6bb6-4a4c-a1cd-7fbe244f4599', DEFAULT, 52), ('3a2e5788-d2ad-4939-8079-5ec8a0ab6cc1', DEFAULT, 52), ('8117f5dd-ad95-4c45-b393-b48ce35b1899', DEFAULT, 52), ('fef3078b-3ef3-488c-91d9-aa8ad1f54d29', DEFAULT, 52);
INSERT INTO public.photoshot_tags (id,created_at,tag_id) VALUES (53, DEFAULT, 7);
SELECT setval('"public"."photoshot_tags_id_seq"'::regclass, (SELECT MAX("id") FROM "public"."photoshot_tags"));
;
INSERT INTO public.saved_photoshots (id,created_at,photoshot_id) VALUES ('fef3078b-3ef3-488c-91d9-aa8ad1f54d29', DEFAULT, 53);
INSERT INTO public.photoshot_tags (id,created_at,tag_id) VALUES (54, DEFAULT, 8), (54, DEFAULT, 6), (54, DEFAULT, 2), (54, DEFAULT, 3);
SELECT setval('"public"."photoshot_tags_id_seq"'::regclass, (SELECT MAX("id") FROM "public"."photoshot_tags"));
INSERT INTO public.photoshot_likes (photoshot_id,created_at,created_by,like_type) VALUES (54, DEFAULT, '3a2e5788-d2ad-4939-8079-5ec8a0ab6cc1', 1), (54, DEFAULT, 'fef3078b-3ef3-488c-91d9-aa8ad1f54d29', 1), (54, DEFAULT, '885a0c00-1512-4442-8edd-d5cbe7e43ecc', 1), (54, DEFAULT, 'e529c355-b9ff-4fd7-b4ff-bbb34eadef95', 1), (54, DEFAULT, 'c9fe6565-6bb6-4a4c-a1cd-7fbe244f4599', 1);
INSERT INTO public.saved_photoshots (id,created_at,photoshot_id) VALUES ('885a0c00-1512-4442-8edd-d5cbe7e43ecc', DEFAULT, 54), ('e5a2c764-53b1-4820-82df-6855b070285a', DEFAULT, 54), ('c9fe6565-6bb6-4a4c-a1cd-7fbe244f4599', DEFAULT, 54);
INSERT INTO public.photoshot_tags (id,created_at,tag_id) VALUES (55, DEFAULT, 10);
SELECT setval('"public"."photoshot_tags_id_seq"'::regclass, (SELECT MAX("id") FROM "public"."photoshot_tags"));
INSERT INTO public.photoshot_likes (photoshot_id,created_at,created_by,like_type) VALUES (55, DEFAULT, 'e5a2c764-53b1-4820-82df-6855b070285a', 1), (55, DEFAULT, 'c9fe6565-6bb6-4a4c-a1cd-7fbe244f4599', 1);
INSERT INTO public.saved_photoshots (id,created_at,photoshot_id) VALUES ('e529c355-b9ff-4fd7-b4ff-bbb34eadef95', DEFAULT, 55);
INSERT INTO public.photoshot_tags (id,created_at,tag_id) VALUES (56, DEFAULT, 4), (56, DEFAULT, 10), (56, DEFAULT, 7), (56, DEFAULT, 2), (56, DEFAULT, 3);
SELECT setval('"public"."photoshot_tags_id_seq"'::regclass, (SELECT MAX("id") FROM "public"."photoshot_tags"));
;
INSERT INTO public.saved_photoshots (id,created_at,photoshot_id) VALUES ('c9fe6565-6bb6-4a4c-a1cd-7fbe244f4599', DEFAULT, 56), ('3a2e5788-d2ad-4939-8079-5ec8a0ab6cc1', DEFAULT, 56), ('27e02716-988f-4cd4-a694-124a81b7f5c0', DEFAULT, 56), ('e529c355-b9ff-4fd7-b4ff-bbb34eadef95', DEFAULT, 56);
INSERT INTO public.photoshot_tags (id,created_at,tag_id) VALUES (57, DEFAULT, 3), (57, DEFAULT, 10), (57, DEFAULT, 5), (57, DEFAULT, 9);
SELECT setval('"public"."photoshot_tags_id_seq"'::regclass, (SELECT MAX("id") FROM "public"."photoshot_tags"));
;
INSERT INTO public.saved_photoshots (id,created_at,photoshot_id) VALUES ('885a0c00-1512-4442-8edd-d5cbe7e43ecc', DEFAULT, 57), ('8117f5dd-ad95-4c45-b393-b48ce35b1899', DEFAULT, 57), ('7228984f-c255-410f-9b19-c97eed9e9e75', DEFAULT, 57), ('3a2e5788-d2ad-4939-8079-5ec8a0ab6cc1', DEFAULT, 57);
INSERT INTO public.photoshot_tags (id,created_at,tag_id) VALUES (58, DEFAULT, 6), (58, DEFAULT, 9), (58, DEFAULT, 10), (58, DEFAULT, 8);
SELECT setval('"public"."photoshot_tags_id_seq"'::regclass, (SELECT MAX("id") FROM "public"."photoshot_tags"));
INSERT INTO public.photoshot_likes (photoshot_id,created_at,created_by,like_type) VALUES (58, DEFAULT, '885a0c00-1512-4442-8edd-d5cbe7e43ecc', 1);
INSERT INTO public.saved_photoshots (id,created_at,photoshot_id) VALUES ('7228984f-c255-410f-9b19-c97eed9e9e75', DEFAULT, 58);
INSERT INTO public.photoshot_tags (id,created_at,tag_id) VALUES (59, DEFAULT, 9), (59, DEFAULT, 6), (59, DEFAULT, 3), (59, DEFAULT, 7), (59, DEFAULT, 8);
SELECT setval('"public"."photoshot_tags_id_seq"'::regclass, (SELECT MAX("id") FROM "public"."photoshot_tags"));
INSERT INTO public.photoshot_likes (photoshot_id,created_at,created_by,like_type) VALUES (59, DEFAULT, 'e5a2c764-53b1-4820-82df-6855b070285a', 1), (59, DEFAULT, 'e529c355-b9ff-4fd7-b4ff-bbb34eadef95', 1), (59, DEFAULT, 'fef3078b-3ef3-488c-91d9-aa8ad1f54d29', 1), (59, DEFAULT, '885a0c00-1512-4442-8edd-d5cbe7e43ecc', 1), (59, DEFAULT, '27e02716-988f-4cd4-a694-124a81b7f5c0', 1);
INSERT INTO public.saved_photoshots (id,created_at,photoshot_id) VALUES ('c9fe6565-6bb6-4a4c-a1cd-7fbe244f4599', DEFAULT, 59), ('27e02716-988f-4cd4-a694-124a81b7f5c0', DEFAULT, 59), ('e529c355-b9ff-4fd7-b4ff-bbb34eadef95', DEFAULT, 59);
INSERT INTO public.photoshot_tags (id,created_at,tag_id) VALUES (60, DEFAULT, 1);
SELECT setval('"public"."photoshot_tags_id_seq"'::regclass, (SELECT MAX("id") FROM "public"."photoshot_tags"));
;
INSERT INTO public.saved_photoshots (id,created_at,photoshot_id) VALUES ('fef3078b-3ef3-488c-91d9-aa8ad1f54d29', DEFAULT, 60), ('3a2e5788-d2ad-4939-8079-5ec8a0ab6cc1', DEFAULT, 60), ('c9fe6565-6bb6-4a4c-a1cd-7fbe244f4599', DEFAULT, 60), ('7228984f-c255-410f-9b19-c97eed9e9e75', DEFAULT, 60), ('8117f5dd-ad95-4c45-b393-b48ce35b1899', DEFAULT, 60);
INSERT INTO public.photospot_reviews (created_at,created_by,rating,text,photospot_id,edited,id) VALUES (DEFAULT, 'fef3078b-3ef3-488c-91d9-aa8ad1f54d29', 1, 'Bring sunscreen and a hat, even on cloudy days.', 5, DEFAULT, 284980), (DEFAULT, 'e5a2c764-53b1-4820-82df-6855b070285a', 3, 'This spot is a must-visit for any nature lover. The scenery is stunning.', 5, DEFAULT, 1455750), (DEFAULT, 'c9fe6565-6bb6-4a4c-a1cd-7fbe244f4599', 2, 'The views of the city from this spot are simply breathtaking.', 5, DEFAULT, 2053898), (DEFAULT, '7228984f-c255-410f-9b19-c97eed9e9e75', 5, 'This spot is a must-visit for any nature lover. The scenery is stunning.', 5, DEFAULT, 552160), (DEFAULT, '885a0c00-1512-4442-8edd-d5cbe7e43ecc', 4, 'Wish I had more time to explore, but the views from the top were incredible.', 5, DEFAULT, 2078993), (DEFAULT, 'e529c355-b9ff-4fd7-b4ff-bbb34eadef95', 1, 'Bring bug spray! The mosquitoes were relentless, but the views were stunning.', 5, DEFAULT, 5999024);
SELECT setval('"public"."photospot_reviews_id_seq"'::regclass, (SELECT MAX("id") FROM "public"."photospot_reviews"));
INSERT INTO public.photoshots (id,created_at,photospot_id,name,recreate_text,photo_paths,created_by) VALUES (61, DEFAULT, 5, 'Seaside Escape', 'To recreate, find a vintage-inspired background, wear a flowy dress and hold a vintage-style camera.', '{"https://picsum.photos/id/244/400/400","https://picsum.photos/id/352/400/400","https://picsum.photos/id/860/400/400"}', NULL), (62, DEFAULT, 5, 'Foodie Fun', 'To recreate, find a modern art museum, wear a stylish outfit and hold a art catalog.', '{"https://picsum.photos/id/2/400/400","https://picsum.photos/id/692/400/400","https://picsum.photos/id/980/400/400"}', NULL), (63, DEFAULT, 5, 'City Lights at Night', 'Capture a photo of yourself standing in front of a beautiful lake, wearing a swimsuit and holding a paddle.', '{"https://picsum.photos/id/820/400/400","https://picsum.photos/id/253/400/400","https://picsum.photos/id/893/400/400"}', NULL), (64, DEFAULT, 5, 'Foodie Heaven', 'Recreate by posing on a yoga mat, wearing a yoga outfit and holding a yoga block.', '{"https://picsum.photos/id/843/400/400","https://picsum.photos/id/724/400/400","https://picsum.photos/id/752/400/400"}', NULL), (65, DEFAULT, 5, 'New York City Skyline', 'Recreate by standing in a modern kitchen, wearing a chef''s hat and holding a mixing bowl.', '{"https://picsum.photos/id/123/400/400","https://picsum.photos/id/566/400/400","https://picsum.photos/id/584/400/400"}', NULL), (66, DEFAULT, 5, 'Sandy Toes', 'Capture a photo of yourself standing in front of a beautiful garden, wearing a wide-brimmed hat and holding a basket of flowers.', '{"https://picsum.photos/id/460/400/400","https://picsum.photos/id/348/400/400","https://picsum.photos/id/945/400/400"}', NULL), (67, DEFAULT, 5, 'Travel Bug', 'To recreate, find a historic landmark, wear a cultural outfit and hold a souvenir.', '{"https://picsum.photos/id/938/400/400","https://picsum.photos/id/433/400/400","https://picsum.photos/id/834/400/400"}', NULL), (68, DEFAULT, 5, 'Mountain Peak', 'Capture a photo of yourself sitting on a couch, surrounded by pillows, wearing a cozy sweater and holding a warm cup of coffee.', '{"https://picsum.photos/id/751/400/400","https://picsum.photos/id/709/400/400","https://picsum.photos/id/824/400/400"}', NULL), (69, DEFAULT, 5, 'Fashionable Friends', 'Recreate by standing in a modern kitchen, wearing a chef''s hat and holding a mixing bowl.', '{"https://picsum.photos/id/972/400/400","https://picsum.photos/id/516/400/400","https://picsum.photos/id/428/400/400"}', NULL), (70, DEFAULT, 5, 'Urban Cityscape', 'Sit on a bicycle, wearing a helmet and holding a basket of flowers.', '{"https://picsum.photos/id/189/400/400","https://picsum.photos/id/155/400/400","https://picsum.photos/id/335/400/400"}', NULL), (71, DEFAULT, 5, 'Travel Bug', 'Sit on a rooftop, wearing a trendy outfit and holding a pair of binoculars.', '{"https://picsum.photos/id/565/400/400","https://picsum.photos/id/763/400/400","https://picsum.photos/id/763/400/400"}', NULL), (72, DEFAULT, 5, 'Tropical Oasis', 'Sit on a porch swing, wearing a comfortable outfit and holding a glass of lemonade.', '{"https://picsum.photos/id/761/400/400","https://picsum.photos/id/447/400/400","https://picsum.photos/id/951/400/400"}', NULL), (73, DEFAULT, 5, 'Seaside Fun', 'To recreate, find a bustling street market, wear a colorful outfit and hold a basket of fruit.', '{"https://picsum.photos/id/75/400/400","https://picsum.photos/id/696/400/400","https://picsum.photos/id/30/400/400"}', NULL), (74, DEFAULT, 5, 'Mountain Climbing', 'Recreate by posing on a yoga mat, wearing a yoga outfit and holding a yoga block.', '{"https://picsum.photos/id/322/400/400","https://picsum.photos/id/657/400/400","https://picsum.photos/id/916/400/400"}', NULL), (75, DEFAULT, 5, 'Happy Moments', 'Recreate by posing in front of a city skyline at sunset, wearing a business suit and holding a briefcase.', '{"https://picsum.photos/id/32/400/400","https://picsum.photos/id/638/400/400","https://picsum.photos/id/660/400/400"}', NULL);
UPDATE public.photoshots SET created_by = 'e529c355-b9ff-4fd7-b4ff-bbb34eadef95' WHERE id = 61;
UPDATE public.photoshots SET created_by = 'e529c355-b9ff-4fd7-b4ff-bbb34eadef95' WHERE id = 62;
UPDATE public.photoshots SET created_by = 'e529c355-b9ff-4fd7-b4ff-bbb34eadef95' WHERE id = 63;
UPDATE public.photoshots SET created_by = 'e529c355-b9ff-4fd7-b4ff-bbb34eadef95' WHERE id = 64;
UPDATE public.photoshots SET created_by = 'e529c355-b9ff-4fd7-b4ff-bbb34eadef95' WHERE id = 65;
UPDATE public.photoshots SET created_by = 'e529c355-b9ff-4fd7-b4ff-bbb34eadef95' WHERE id = 66;
UPDATE public.photoshots SET created_by = 'e529c355-b9ff-4fd7-b4ff-bbb34eadef95' WHERE id = 67;
UPDATE public.photoshots SET created_by = 'e529c355-b9ff-4fd7-b4ff-bbb34eadef95' WHERE id = 68;
UPDATE public.photoshots SET created_by = 'e529c355-b9ff-4fd7-b4ff-bbb34eadef95' WHERE id = 69;
UPDATE public.photoshots SET created_by = 'e529c355-b9ff-4fd7-b4ff-bbb34eadef95' WHERE id = 70;
UPDATE public.photoshots SET created_by = 'e529c355-b9ff-4fd7-b4ff-bbb34eadef95' WHERE id = 71;
UPDATE public.photoshots SET created_by = 'e529c355-b9ff-4fd7-b4ff-bbb34eadef95' WHERE id = 72;
UPDATE public.photoshots SET created_by = 'e529c355-b9ff-4fd7-b4ff-bbb34eadef95' WHERE id = 73;
UPDATE public.photoshots SET created_by = 'e529c355-b9ff-4fd7-b4ff-bbb34eadef95' WHERE id = 74;
UPDATE public.photoshots SET created_by = 'e529c355-b9ff-4fd7-b4ff-bbb34eadef95' WHERE id = 75;
SELECT setval('"public"."photoshots_id_seq"'::regclass, (SELECT MAX("id") FROM "public"."photoshots"));
INSERT INTO public.photoshot_tags (id,created_at,tag_id) VALUES (61, DEFAULT, 3), (61, DEFAULT, 10), (61, DEFAULT, 9), (61, DEFAULT, 1), (61, DEFAULT, 2);
SELECT setval('"public"."photoshot_tags_id_seq"'::regclass, (SELECT MAX("id") FROM "public"."photoshot_tags"));
;
INSERT INTO public.saved_photoshots (id,created_at,photoshot_id) VALUES ('e529c355-b9ff-4fd7-b4ff-bbb34eadef95', DEFAULT, 61), ('c9fe6565-6bb6-4a4c-a1cd-7fbe244f4599', DEFAULT, 61), ('8117f5dd-ad95-4c45-b393-b48ce35b1899', DEFAULT, 61);
INSERT INTO public.photoshot_tags (id,created_at,tag_id) VALUES (62, DEFAULT, 1), (62, DEFAULT, 2);
SELECT setval('"public"."photoshot_tags_id_seq"'::regclass, (SELECT MAX("id") FROM "public"."photoshot_tags"));
INSERT INTO public.photoshot_likes (photoshot_id,created_at,created_by,like_type) VALUES (62, DEFAULT, '3a2e5788-d2ad-4939-8079-5ec8a0ab6cc1', 1), (62, DEFAULT, '885a0c00-1512-4442-8edd-d5cbe7e43ecc', 1), (62, DEFAULT, '7228984f-c255-410f-9b19-c97eed9e9e75', 1);
;
INSERT INTO public.photoshot_tags (id,created_at,tag_id) VALUES (63, DEFAULT, 2), (63, DEFAULT, 5);
SELECT setval('"public"."photoshot_tags_id_seq"'::regclass, (SELECT MAX("id") FROM "public"."photoshot_tags"));
INSERT INTO public.photoshot_likes (photoshot_id,created_at,created_by,like_type) VALUES (63, DEFAULT, 'e5a2c764-53b1-4820-82df-6855b070285a', 1), (63, DEFAULT, '7228984f-c255-410f-9b19-c97eed9e9e75', 1), (63, DEFAULT, '8117f5dd-ad95-4c45-b393-b48ce35b1899', 1);
INSERT INTO public.saved_photoshots (id,created_at,photoshot_id) VALUES ('885a0c00-1512-4442-8edd-d5cbe7e43ecc', DEFAULT, 63);
INSERT INTO public.photoshot_tags (id,created_at,tag_id) VALUES (64, DEFAULT, 2), (64, DEFAULT, 8), (64, DEFAULT, 3), (64, DEFAULT, 5);
SELECT setval('"public"."photoshot_tags_id_seq"'::regclass, (SELECT MAX("id") FROM "public"."photoshot_tags"));
INSERT INTO public.photoshot_likes (photoshot_id,created_at,created_by,like_type) VALUES (64, DEFAULT, '8117f5dd-ad95-4c45-b393-b48ce35b1899', 1), (64, DEFAULT, 'e529c355-b9ff-4fd7-b4ff-bbb34eadef95', 1);
INSERT INTO public.saved_photoshots (id,created_at,photoshot_id) VALUES ('c9fe6565-6bb6-4a4c-a1cd-7fbe244f4599', DEFAULT, 64), ('8117f5dd-ad95-4c45-b393-b48ce35b1899', DEFAULT, 64), ('fef3078b-3ef3-488c-91d9-aa8ad1f54d29', DEFAULT, 64), ('885a0c00-1512-4442-8edd-d5cbe7e43ecc', DEFAULT, 64), ('3a2e5788-d2ad-4939-8079-5ec8a0ab6cc1', DEFAULT, 64);
INSERT INTO public.photoshot_tags (id,created_at,tag_id) VALUES (65, DEFAULT, 2), (65, DEFAULT, 8), (65, DEFAULT, 9), (65, DEFAULT, 3);
SELECT setval('"public"."photoshot_tags_id_seq"'::regclass, (SELECT MAX("id") FROM "public"."photoshot_tags"));
INSERT INTO public.photoshot_likes (photoshot_id,created_at,created_by,like_type) VALUES (65, DEFAULT, '3a2e5788-d2ad-4939-8079-5ec8a0ab6cc1', 1);
INSERT INTO public.saved_photoshots (id,created_at,photoshot_id) VALUES ('27e02716-988f-4cd4-a694-124a81b7f5c0', DEFAULT, 65), ('3a2e5788-d2ad-4939-8079-5ec8a0ab6cc1', DEFAULT, 65);
INSERT INTO public.photoshot_tags (id,created_at,tag_id) VALUES (66, DEFAULT, 3), (66, DEFAULT, 6), (66, DEFAULT, 5), (66, DEFAULT, 2);
SELECT setval('"public"."photoshot_tags_id_seq"'::regclass, (SELECT MAX("id") FROM "public"."photoshot_tags"));
INSERT INTO public.photoshot_likes (photoshot_id,created_at,created_by,like_type) VALUES (66, DEFAULT, '27e02716-988f-4cd4-a694-124a81b7f5c0', 1), (66, DEFAULT, 'e5a2c764-53b1-4820-82df-6855b070285a', 1), (66, DEFAULT, 'e529c355-b9ff-4fd7-b4ff-bbb34eadef95', 1);
INSERT INTO public.saved_photoshots (id,created_at,photoshot_id) VALUES ('c9fe6565-6bb6-4a4c-a1cd-7fbe244f4599', DEFAULT, 66), ('27e02716-988f-4cd4-a694-124a81b7f5c0', DEFAULT, 66), ('fef3078b-3ef3-488c-91d9-aa8ad1f54d29', DEFAULT, 66), ('e5a2c764-53b1-4820-82df-6855b070285a', DEFAULT, 66);
INSERT INTO public.photoshot_tags (id,created_at,tag_id) VALUES (67, DEFAULT, 7);
SELECT setval('"public"."photoshot_tags_id_seq"'::regclass, (SELECT MAX("id") FROM "public"."photoshot_tags"));
INSERT INTO public.photoshot_likes (photoshot_id,created_at,created_by,like_type) VALUES (67, DEFAULT, 'fef3078b-3ef3-488c-91d9-aa8ad1f54d29', 1), (67, DEFAULT, 'c9fe6565-6bb6-4a4c-a1cd-7fbe244f4599', 1);
INSERT INTO public.saved_photoshots (id,created_at,photoshot_id) VALUES ('e529c355-b9ff-4fd7-b4ff-bbb34eadef95', DEFAULT, 67);
INSERT INTO public.photoshot_tags (id,created_at,tag_id) VALUES (68, DEFAULT, 3), (68, DEFAULT, 2), (68, DEFAULT, 8), (68, DEFAULT, 4);
SELECT setval('"public"."photoshot_tags_id_seq"'::regclass, (SELECT MAX("id") FROM "public"."photoshot_tags"));
INSERT INTO public.photoshot_likes (photoshot_id,created_at,created_by,like_type) VALUES (68, DEFAULT, 'e529c355-b9ff-4fd7-b4ff-bbb34eadef95', 1), (68, DEFAULT, '8117f5dd-ad95-4c45-b393-b48ce35b1899', 1);
INSERT INTO public.saved_photoshots (id,created_at,photoshot_id) VALUES ('e5a2c764-53b1-4820-82df-6855b070285a', DEFAULT, 68), ('8117f5dd-ad95-4c45-b393-b48ce35b1899', DEFAULT, 68), ('fef3078b-3ef3-488c-91d9-aa8ad1f54d29', DEFAULT, 68), ('27e02716-988f-4cd4-a694-124a81b7f5c0', DEFAULT, 68);
INSERT INTO public.photoshot_tags (id,created_at,tag_id) VALUES (69, DEFAULT, 8);
SELECT setval('"public"."photoshot_tags_id_seq"'::regclass, (SELECT MAX("id") FROM "public"."photoshot_tags"));
INSERT INTO public.photoshot_likes (photoshot_id,created_at,created_by,like_type) VALUES (69, DEFAULT, '27e02716-988f-4cd4-a694-124a81b7f5c0', 1), (69, DEFAULT, '7228984f-c255-410f-9b19-c97eed9e9e75', 1);
INSERT INTO public.saved_photoshots (id,created_at,photoshot_id) VALUES ('e529c355-b9ff-4fd7-b4ff-bbb34eadef95', DEFAULT, 69), ('c9fe6565-6bb6-4a4c-a1cd-7fbe244f4599', DEFAULT, 69), ('885a0c00-1512-4442-8edd-d5cbe7e43ecc', DEFAULT, 69), ('27e02716-988f-4cd4-a694-124a81b7f5c0', DEFAULT, 69);
INSERT INTO public.photoshot_tags (id,created_at,tag_id) VALUES (70, DEFAULT, 6), (70, DEFAULT, 1), (70, DEFAULT, 7), (70, DEFAULT, 9), (70, DEFAULT, 2);
SELECT setval('"public"."photoshot_tags_id_seq"'::regclass, (SELECT MAX("id") FROM "public"."photoshot_tags"));
INSERT INTO public.photoshot_likes (photoshot_id,created_at,created_by,like_type) VALUES (70, DEFAULT, 'e529c355-b9ff-4fd7-b4ff-bbb34eadef95', 1), (70, DEFAULT, '885a0c00-1512-4442-8edd-d5cbe7e43ecc', 1), (70, DEFAULT, '8117f5dd-ad95-4c45-b393-b48ce35b1899', 1);
INSERT INTO public.saved_photoshots (id,created_at,photoshot_id) VALUES ('3a2e5788-d2ad-4939-8079-5ec8a0ab6cc1', DEFAULT, 70), ('8117f5dd-ad95-4c45-b393-b48ce35b1899', DEFAULT, 70), ('e5a2c764-53b1-4820-82df-6855b070285a', DEFAULT, 70);
INSERT INTO public.photoshot_tags (id,created_at,tag_id) VALUES (71, DEFAULT, 1);
SELECT setval('"public"."photoshot_tags_id_seq"'::regclass, (SELECT MAX("id") FROM "public"."photoshot_tags"));
INSERT INTO public.photoshot_likes (photoshot_id,created_at,created_by,like_type) VALUES (71, DEFAULT, '27e02716-988f-4cd4-a694-124a81b7f5c0', 1), (71, DEFAULT, 'c9fe6565-6bb6-4a4c-a1cd-7fbe244f4599', 1), (71, DEFAULT, 'e5a2c764-53b1-4820-82df-6855b070285a', 1);
INSERT INTO public.saved_photoshots (id,created_at,photoshot_id) VALUES ('8117f5dd-ad95-4c45-b393-b48ce35b1899', DEFAULT, 71), ('e5a2c764-53b1-4820-82df-6855b070285a', DEFAULT, 71), ('fef3078b-3ef3-488c-91d9-aa8ad1f54d29', DEFAULT, 71), ('c9fe6565-6bb6-4a4c-a1cd-7fbe244f4599', DEFAULT, 71), ('27e02716-988f-4cd4-a694-124a81b7f5c0', DEFAULT, 71);
INSERT INTO public.photoshot_tags (id,created_at,tag_id) VALUES (72, DEFAULT, 3), (72, DEFAULT, 5);
SELECT setval('"public"."photoshot_tags_id_seq"'::regclass, (SELECT MAX("id") FROM "public"."photoshot_tags"));
INSERT INTO public.photoshot_likes (photoshot_id,created_at,created_by,like_type) VALUES (72, DEFAULT, 'c9fe6565-6bb6-4a4c-a1cd-7fbe244f4599', 1), (72, DEFAULT, '7228984f-c255-410f-9b19-c97eed9e9e75', 1);
INSERT INTO public.saved_photoshots (id,created_at,photoshot_id) VALUES ('885a0c00-1512-4442-8edd-d5cbe7e43ecc', DEFAULT, 72), ('e529c355-b9ff-4fd7-b4ff-bbb34eadef95', DEFAULT, 72), ('fef3078b-3ef3-488c-91d9-aa8ad1f54d29', DEFAULT, 72), ('3a2e5788-d2ad-4939-8079-5ec8a0ab6cc1', DEFAULT, 72), ('7228984f-c255-410f-9b19-c97eed9e9e75', DEFAULT, 72);
INSERT INTO public.photoshot_tags (id,created_at,tag_id) VALUES (73, DEFAULT, 1), (73, DEFAULT, 8), (73, DEFAULT, 9), (73, DEFAULT, 10);
SELECT setval('"public"."photoshot_tags_id_seq"'::regclass, (SELECT MAX("id") FROM "public"."photoshot_tags"));
INSERT INTO public.photoshot_likes (photoshot_id,created_at,created_by,like_type) VALUES (73, DEFAULT, 'e5a2c764-53b1-4820-82df-6855b070285a', 1), (73, DEFAULT, '7228984f-c255-410f-9b19-c97eed9e9e75', 1), (73, DEFAULT, '27e02716-988f-4cd4-a694-124a81b7f5c0', 1), (73, DEFAULT, 'c9fe6565-6bb6-4a4c-a1cd-7fbe244f4599', 1), (73, DEFAULT, '8117f5dd-ad95-4c45-b393-b48ce35b1899', 1);
INSERT INTO public.saved_photoshots (id,created_at,photoshot_id) VALUES ('fef3078b-3ef3-488c-91d9-aa8ad1f54d29', DEFAULT, 73), ('3a2e5788-d2ad-4939-8079-5ec8a0ab6cc1', DEFAULT, 73);
INSERT INTO public.photoshot_tags (id,created_at,tag_id) VALUES (74, DEFAULT, 3), (74, DEFAULT, 9), (74, DEFAULT, 10), (74, DEFAULT, 7);
SELECT setval('"public"."photoshot_tags_id_seq"'::regclass, (SELECT MAX("id") FROM "public"."photoshot_tags"));
INSERT INTO public.photoshot_likes (photoshot_id,created_at,created_by,like_type) VALUES (74, DEFAULT, 'fef3078b-3ef3-488c-91d9-aa8ad1f54d29', 1), (74, DEFAULT, 'e529c355-b9ff-4fd7-b4ff-bbb34eadef95', 1), (74, DEFAULT, '7228984f-c255-410f-9b19-c97eed9e9e75', 1), (74, DEFAULT, '8117f5dd-ad95-4c45-b393-b48ce35b1899', 1);
INSERT INTO public.saved_photoshots (id,created_at,photoshot_id) VALUES ('fef3078b-3ef3-488c-91d9-aa8ad1f54d29', DEFAULT, 74);
INSERT INTO public.photoshot_tags (id,created_at,tag_id) VALUES (75, DEFAULT, 9), (75, DEFAULT, 2);
SELECT setval('"public"."photoshot_tags_id_seq"'::regclass, (SELECT MAX("id") FROM "public"."photoshot_tags"));
INSERT INTO public.photoshot_likes (photoshot_id,created_at,created_by,like_type) VALUES (75, DEFAULT, '8117f5dd-ad95-4c45-b393-b48ce35b1899', 1), (75, DEFAULT, '7228984f-c255-410f-9b19-c97eed9e9e75', 1), (75, DEFAULT, '3a2e5788-d2ad-4939-8079-5ec8a0ab6cc1', 1);
INSERT INTO public.saved_photoshots (id,created_at,photoshot_id) VALUES ('fef3078b-3ef3-488c-91d9-aa8ad1f54d29', DEFAULT, 75), ('3a2e5788-d2ad-4939-8079-5ec8a0ab6cc1', DEFAULT, 75), ('e5a2c764-53b1-4820-82df-6855b070285a', DEFAULT, 75);
INSERT INTO public.photospot_reviews (created_at,created_by,rating,text,photospot_id,edited,id) VALUES (DEFAULT, 'e5a2c764-53b1-4820-82df-6855b070285a', 2, 'The scenic drive to the spot was just as beautiful as the spot itself.', 6, DEFAULT, 5493589), (DEFAULT, 'c9fe6565-6bb6-4a4c-a1cd-7fbe244f4599', 4, 'Wish I had brought a better camera to capture the beauty of this spot.', 6, DEFAULT, 13351873), (DEFAULT, '3a2e5788-d2ad-4939-8079-5ec8a0ab6cc1', 4, 'The scenic views from the top are well worth the challenging hike.', 6, DEFAULT, 10870759), (DEFAULT, '8117f5dd-ad95-4c45-b393-b48ce35b1899', 5, 'Wish there were more picnic tables and seating areas.', 6, DEFAULT, 3592467), (DEFAULT, '7228984f-c255-410f-9b19-c97eed9e9e75', 5, 'The views of the mountains from this spot are simply breathtaking.', 6, DEFAULT, 7967884), (DEFAULT, '27e02716-988f-4cd4-a694-124a81b7f5c0', 2, 'This spot is a hidden gem. I''m so glad I stumbled upon it.', 6, DEFAULT, 653103);
SELECT setval('"public"."photospot_reviews_id_seq"'::regclass, (SELECT MAX("id") FROM "public"."photospot_reviews"));
INSERT INTO public.photoshots (id,created_at,photospot_id,name,recreate_text,photo_paths,created_by) VALUES (76, DEFAULT, 6, 'Urban Jungle', 'To recreate, find a scenic outdoor location with a mountainous backdrop, wear a pair of hiking boots and hold a trekking pole.', '{"https://picsum.photos/id/982/400/400","https://picsum.photos/id/208/400/400","https://picsum.photos/id/629/400/400"}', NULL), (77, DEFAULT, 6, 'City Break', 'Recreate by posing in front of a city skyline at sunset, wearing a business suit and holding a briefcase.', '{"https://picsum.photos/id/767/400/400","https://picsum.photos/id/530/400/400","https://picsum.photos/id/117/400/400"}', NULL), (78, DEFAULT, 6, 'Sunny Days', 'Recreate by posing on a horse, wearing a cowboy hat and holding a lasso.', '{"https://picsum.photos/id/143/400/400","https://picsum.photos/id/994/400/400","https://picsum.photos/id/682/400/400"}', NULL), (79, DEFAULT, 6, 'Wildlife Adventure', 'Recreate by standing in a beautiful park, wearing a casual outfit and holding a frisbee.', '{"https://picsum.photos/id/51/400/400","https://picsum.photos/id/575/400/400","https://picsum.photos/id/240/400/400"}', NULL), (80, DEFAULT, 6, 'Fashion Show', 'Sit on a rooftop, wearing a trendy outfit and holding a pair of binoculars.', '{"https://picsum.photos/id/518/400/400","https://picsum.photos/id/416/400/400","https://picsum.photos/id/74/400/400"}', NULL), (81, DEFAULT, 6, 'Floral Beauty', 'Recreate by standing in a trendy boutique, wearing a fashionable outfit and holding a shopping bag.', '{"https://picsum.photos/id/652/400/400","https://picsum.photos/id/389/400/400","https://picsum.photos/id/373/400/400"}', NULL), (82, DEFAULT, 6, 'Foodie Heaven', 'To recreate, find a historic landmark, wear a cultural outfit and hold a souvenir.', '{"https://picsum.photos/id/39/400/400","https://picsum.photos/id/476/400/400","https://picsum.photos/id/323/400/400"}', NULL), (83, DEFAULT, 6, 'Foodie Fun', 'Capture a photo of yourself sitting on a couch, surrounded by pillows, wearing a cozy sweater and holding a warm cup of coffee.', '{"https://picsum.photos/id/649/400/400","https://picsum.photos/id/110/400/400","https://picsum.photos/id/926/400/400"}', NULL), (84, DEFAULT, 6, 'Laughter and Memories', 'Recreate by standing in a vintage-style bar, wearing a suit and holding a cocktail.', '{"https://picsum.photos/id/316/400/400","https://picsum.photos/id/894/400/400","https://picsum.photos/id/333/400/400"}', NULL), (85, DEFAULT, 6, 'Sandy Toes', 'Capture a photo of yourself sitting on a couch, surrounded by pillows, wearing a cozy sweater and holding a warm cup of coffee.', '{"https://picsum.photos/id/93/400/400","https://picsum.photos/id/959/400/400","https://picsum.photos/id/618/400/400"}', NULL), (86, DEFAULT, 6, 'New York City Skyline', 'Recreate by posing on a skateboard, wearing a helmet and holding a skateboard.', '{"https://picsum.photos/id/39/400/400","https://picsum.photos/id/623/400/400","https://picsum.photos/id/505/400/400"}', NULL), (87, DEFAULT, 6, 'Golden Hour in Paris', 'Capture a photo of yourself standing in front of a stunning sunset, wearing a comfortable outfit and holding a camera.', '{"https://picsum.photos/id/532/400/400","https://picsum.photos/id/297/400/400","https://picsum.photos/id/209/400/400"}', NULL), (88, DEFAULT, 6, 'Beachy Keen', 'To recreate, find a beautiful beach at sunset, wear a swimsuit and hold a surfboard.', '{"https://picsum.photos/id/303/400/400","https://picsum.photos/id/289/400/400","https://picsum.photos/id/794/400/400"}', NULL), (89, DEFAULT, 6, 'Sunflower Field', 'Sit on a picnic blanket, wearing a comfortable outfit and holding a basket of food.', '{"https://picsum.photos/id/224/400/400","https://picsum.photos/id/358/400/400","https://picsum.photos/id/783/400/400"}', NULL), (90, DEFAULT, 6, 'Road Trip USA', 'Recreate by posing in front of a city skyline at sunset, wearing a business suit and holding a briefcase.', '{"https://picsum.photos/id/634/400/400","https://picsum.photos/id/352/400/400","https://picsum.photos/id/347/400/400"}', NULL);
UPDATE public.photoshots SET created_by = '8117f5dd-ad95-4c45-b393-b48ce35b1899' WHERE id = 76;
UPDATE public.photoshots SET created_by = '8117f5dd-ad95-4c45-b393-b48ce35b1899' WHERE id = 77;
UPDATE public.photoshots SET created_by = '8117f5dd-ad95-4c45-b393-b48ce35b1899' WHERE id = 78;
UPDATE public.photoshots SET created_by = '8117f5dd-ad95-4c45-b393-b48ce35b1899' WHERE id = 79;
UPDATE public.photoshots SET created_by = '8117f5dd-ad95-4c45-b393-b48ce35b1899' WHERE id = 80;
UPDATE public.photoshots SET created_by = '8117f5dd-ad95-4c45-b393-b48ce35b1899' WHERE id = 81;
UPDATE public.photoshots SET created_by = '8117f5dd-ad95-4c45-b393-b48ce35b1899' WHERE id = 82;
UPDATE public.photoshots SET created_by = '8117f5dd-ad95-4c45-b393-b48ce35b1899' WHERE id = 83;
UPDATE public.photoshots SET created_by = '8117f5dd-ad95-4c45-b393-b48ce35b1899' WHERE id = 84;
UPDATE public.photoshots SET created_by = '8117f5dd-ad95-4c45-b393-b48ce35b1899' WHERE id = 85;
UPDATE public.photoshots SET created_by = '8117f5dd-ad95-4c45-b393-b48ce35b1899' WHERE id = 86;
UPDATE public.photoshots SET created_by = '8117f5dd-ad95-4c45-b393-b48ce35b1899' WHERE id = 87;
UPDATE public.photoshots SET created_by = '8117f5dd-ad95-4c45-b393-b48ce35b1899' WHERE id = 88;
UPDATE public.photoshots SET created_by = '8117f5dd-ad95-4c45-b393-b48ce35b1899' WHERE id = 89;
UPDATE public.photoshots SET created_by = '8117f5dd-ad95-4c45-b393-b48ce35b1899' WHERE id = 90;
SELECT setval('"public"."photoshots_id_seq"'::regclass, (SELECT MAX("id") FROM "public"."photoshots"));
INSERT INTO public.photoshot_tags (id,created_at,tag_id) VALUES (76, DEFAULT, 9);
SELECT setval('"public"."photoshot_tags_id_seq"'::regclass, (SELECT MAX("id") FROM "public"."photoshot_tags"));
INSERT INTO public.photoshot_likes (photoshot_id,created_at,created_by,like_type) VALUES (76, DEFAULT, 'e529c355-b9ff-4fd7-b4ff-bbb34eadef95', 1), (76, DEFAULT, '885a0c00-1512-4442-8edd-d5cbe7e43ecc', 1);
INSERT INTO public.saved_photoshots (id,created_at,photoshot_id) VALUES ('885a0c00-1512-4442-8edd-d5cbe7e43ecc', DEFAULT, 76), ('27e02716-988f-4cd4-a694-124a81b7f5c0', DEFAULT, 76);
INSERT INTO public.photoshot_tags (id,created_at,tag_id) VALUES (77, DEFAULT, 6), (77, DEFAULT, 7), (77, DEFAULT, 4);
SELECT setval('"public"."photoshot_tags_id_seq"'::regclass, (SELECT MAX("id") FROM "public"."photoshot_tags"));
INSERT INTO public.photoshot_likes (photoshot_id,created_at,created_by,like_type) VALUES (77, DEFAULT, '8117f5dd-ad95-4c45-b393-b48ce35b1899', 1), (77, DEFAULT, '27e02716-988f-4cd4-a694-124a81b7f5c0', 1), (77, DEFAULT, 'e5a2c764-53b1-4820-82df-6855b070285a', 1);
;
INSERT INTO public.photoshot_tags (id,created_at,tag_id) VALUES (78, DEFAULT, 7), (78, DEFAULT, 3), (78, DEFAULT, 4), (78, DEFAULT, 1);
SELECT setval('"public"."photoshot_tags_id_seq"'::regclass, (SELECT MAX("id") FROM "public"."photoshot_tags"));
INSERT INTO public.photoshot_likes (photoshot_id,created_at,created_by,like_type) VALUES (78, DEFAULT, 'e5a2c764-53b1-4820-82df-6855b070285a', 1), (78, DEFAULT, '885a0c00-1512-4442-8edd-d5cbe7e43ecc', 1), (78, DEFAULT, 'c9fe6565-6bb6-4a4c-a1cd-7fbe244f4599', 1);
INSERT INTO public.saved_photoshots (id,created_at,photoshot_id) VALUES ('e5a2c764-53b1-4820-82df-6855b070285a', DEFAULT, 78), ('3a2e5788-d2ad-4939-8079-5ec8a0ab6cc1', DEFAULT, 78);
INSERT INTO public.photoshot_tags (id,created_at,tag_id) VALUES (79, DEFAULT, 4);
SELECT setval('"public"."photoshot_tags_id_seq"'::regclass, (SELECT MAX("id") FROM "public"."photoshot_tags"));
;
INSERT INTO public.saved_photoshots (id,created_at,photoshot_id) VALUES ('fef3078b-3ef3-488c-91d9-aa8ad1f54d29', DEFAULT, 79), ('7228984f-c255-410f-9b19-c97eed9e9e75', DEFAULT, 79), ('8117f5dd-ad95-4c45-b393-b48ce35b1899', DEFAULT, 79);
INSERT INTO public.photoshot_tags (id,created_at,tag_id) VALUES (80, DEFAULT, 2), (80, DEFAULT, 3), (80, DEFAULT, 6);
SELECT setval('"public"."photoshot_tags_id_seq"'::regclass, (SELECT MAX("id") FROM "public"."photoshot_tags"));
INSERT INTO public.photoshot_likes (photoshot_id,created_at,created_by,like_type) VALUES (80, DEFAULT, '885a0c00-1512-4442-8edd-d5cbe7e43ecc', 1), (80, DEFAULT, 'c9fe6565-6bb6-4a4c-a1cd-7fbe244f4599', 1), (80, DEFAULT, 'e529c355-b9ff-4fd7-b4ff-bbb34eadef95', 1), (80, DEFAULT, '8117f5dd-ad95-4c45-b393-b48ce35b1899', 1);
INSERT INTO public.saved_photoshots (id,created_at,photoshot_id) VALUES ('8117f5dd-ad95-4c45-b393-b48ce35b1899', DEFAULT, 80);
INSERT INTO public.photoshot_tags (id,created_at,tag_id) VALUES (81, DEFAULT, 1), (81, DEFAULT, 9), (81, DEFAULT, 10), (81, DEFAULT, 7), (81, DEFAULT, 2);
SELECT setval('"public"."photoshot_tags_id_seq"'::regclass, (SELECT MAX("id") FROM "public"."photoshot_tags"));
INSERT INTO public.photoshot_likes (photoshot_id,created_at,created_by,like_type) VALUES (81, DEFAULT, 'e529c355-b9ff-4fd7-b4ff-bbb34eadef95', 1), (81, DEFAULT, '885a0c00-1512-4442-8edd-d5cbe7e43ecc', 1);
INSERT INTO public.saved_photoshots (id,created_at,photoshot_id) VALUES ('27e02716-988f-4cd4-a694-124a81b7f5c0', DEFAULT, 81), ('c9fe6565-6bb6-4a4c-a1cd-7fbe244f4599', DEFAULT, 81);
INSERT INTO public.photoshot_tags (id,created_at,tag_id) VALUES (82, DEFAULT, 5);
SELECT setval('"public"."photoshot_tags_id_seq"'::regclass, (SELECT MAX("id") FROM "public"."photoshot_tags"));
INSERT INTO public.photoshot_likes (photoshot_id,created_at,created_by,like_type) VALUES (82, DEFAULT, '3a2e5788-d2ad-4939-8079-5ec8a0ab6cc1', 1), (82, DEFAULT, '885a0c00-1512-4442-8edd-d5cbe7e43ecc', 1), (82, DEFAULT, 'fef3078b-3ef3-488c-91d9-aa8ad1f54d29', 1);
INSERT INTO public.saved_photoshots (id,created_at,photoshot_id) VALUES ('7228984f-c255-410f-9b19-c97eed9e9e75', DEFAULT, 82), ('fef3078b-3ef3-488c-91d9-aa8ad1f54d29', DEFAULT, 82), ('c9fe6565-6bb6-4a4c-a1cd-7fbe244f4599', DEFAULT, 82), ('3a2e5788-d2ad-4939-8079-5ec8a0ab6cc1', DEFAULT, 82), ('e5a2c764-53b1-4820-82df-6855b070285a', DEFAULT, 82);
INSERT INTO public.photoshot_tags (id,created_at,tag_id) VALUES (83, DEFAULT, 10), (83, DEFAULT, 2), (83, DEFAULT, 9);
SELECT setval('"public"."photoshot_tags_id_seq"'::regclass, (SELECT MAX("id") FROM "public"."photoshot_tags"));
INSERT INTO public.photoshot_likes (photoshot_id,created_at,created_by,like_type) VALUES (83, DEFAULT, '27e02716-988f-4cd4-a694-124a81b7f5c0', 1), (83, DEFAULT, 'c9fe6565-6bb6-4a4c-a1cd-7fbe244f4599', 1);
INSERT INTO public.saved_photoshots (id,created_at,photoshot_id) VALUES ('3a2e5788-d2ad-4939-8079-5ec8a0ab6cc1', DEFAULT, 83);
INSERT INTO public.photoshot_tags (id,created_at,tag_id) VALUES (84, DEFAULT, 6), (84, DEFAULT, 2), (84, DEFAULT, 10);
SELECT setval('"public"."photoshot_tags_id_seq"'::regclass, (SELECT MAX("id") FROM "public"."photoshot_tags"));
INSERT INTO public.photoshot_likes (photoshot_id,created_at,created_by,like_type) VALUES (84, DEFAULT, 'fef3078b-3ef3-488c-91d9-aa8ad1f54d29', 1), (84, DEFAULT, 'c9fe6565-6bb6-4a4c-a1cd-7fbe244f4599', 1), (84, DEFAULT, '885a0c00-1512-4442-8edd-d5cbe7e43ecc', 1);
INSERT INTO public.saved_photoshots (id,created_at,photoshot_id) VALUES ('7228984f-c255-410f-9b19-c97eed9e9e75', DEFAULT, 84), ('c9fe6565-6bb6-4a4c-a1cd-7fbe244f4599', DEFAULT, 84), ('e5a2c764-53b1-4820-82df-6855b070285a', DEFAULT, 84), ('fef3078b-3ef3-488c-91d9-aa8ad1f54d29', DEFAULT, 84);
INSERT INTO public.photoshot_tags (id,created_at,tag_id) VALUES (85, DEFAULT, 7), (85, DEFAULT, 1), (85, DEFAULT, 8);
SELECT setval('"public"."photoshot_tags_id_seq"'::regclass, (SELECT MAX("id") FROM "public"."photoshot_tags"));
INSERT INTO public.photoshot_likes (photoshot_id,created_at,created_by,like_type) VALUES (85, DEFAULT, '7228984f-c255-410f-9b19-c97eed9e9e75', 1), (85, DEFAULT, 'e5a2c764-53b1-4820-82df-6855b070285a', 1), (85, DEFAULT, '27e02716-988f-4cd4-a694-124a81b7f5c0', 1), (85, DEFAULT, 'e529c355-b9ff-4fd7-b4ff-bbb34eadef95', 1);
INSERT INTO public.saved_photoshots (id,created_at,photoshot_id) VALUES ('7228984f-c255-410f-9b19-c97eed9e9e75', DEFAULT, 85), ('fef3078b-3ef3-488c-91d9-aa8ad1f54d29', DEFAULT, 85), ('e529c355-b9ff-4fd7-b4ff-bbb34eadef95', DEFAULT, 85), ('27e02716-988f-4cd4-a694-124a81b7f5c0', DEFAULT, 85), ('8117f5dd-ad95-4c45-b393-b48ce35b1899', DEFAULT, 85);
INSERT INTO public.photoshot_tags (id,created_at,tag_id) VALUES (86, DEFAULT, 7), (86, DEFAULT, 1), (86, DEFAULT, 5);
SELECT setval('"public"."photoshot_tags_id_seq"'::regclass, (SELECT MAX("id") FROM "public"."photoshot_tags"));
;
INSERT INTO public.saved_photoshots (id,created_at,photoshot_id) VALUES ('885a0c00-1512-4442-8edd-d5cbe7e43ecc', DEFAULT, 86), ('e529c355-b9ff-4fd7-b4ff-bbb34eadef95', DEFAULT, 86), ('8117f5dd-ad95-4c45-b393-b48ce35b1899', DEFAULT, 86);
INSERT INTO public.photoshot_tags (id,created_at,tag_id) VALUES (87, DEFAULT, 3), (87, DEFAULT, 6), (87, DEFAULT, 7), (87, DEFAULT, 4);
SELECT setval('"public"."photoshot_tags_id_seq"'::regclass, (SELECT MAX("id") FROM "public"."photoshot_tags"));
INSERT INTO public.photoshot_likes (photoshot_id,created_at,created_by,like_type) VALUES (87, DEFAULT, '27e02716-988f-4cd4-a694-124a81b7f5c0', 1), (87, DEFAULT, 'fef3078b-3ef3-488c-91d9-aa8ad1f54d29', 1), (87, DEFAULT, '3a2e5788-d2ad-4939-8079-5ec8a0ab6cc1', 1);
INSERT INTO public.saved_photoshots (id,created_at,photoshot_id) VALUES ('885a0c00-1512-4442-8edd-d5cbe7e43ecc', DEFAULT, 87), ('e529c355-b9ff-4fd7-b4ff-bbb34eadef95', DEFAULT, 87), ('fef3078b-3ef3-488c-91d9-aa8ad1f54d29', DEFAULT, 87);
INSERT INTO public.photoshot_tags (id,created_at,tag_id) VALUES (88, DEFAULT, 4), (88, DEFAULT, 9), (88, DEFAULT, 2);
SELECT setval('"public"."photoshot_tags_id_seq"'::regclass, (SELECT MAX("id") FROM "public"."photoshot_tags"));
INSERT INTO public.photoshot_likes (photoshot_id,created_at,created_by,like_type) VALUES (88, DEFAULT, '27e02716-988f-4cd4-a694-124a81b7f5c0', 1), (88, DEFAULT, '8117f5dd-ad95-4c45-b393-b48ce35b1899', 1);
INSERT INTO public.saved_photoshots (id,created_at,photoshot_id) VALUES ('27e02716-988f-4cd4-a694-124a81b7f5c0', DEFAULT, 88), ('3a2e5788-d2ad-4939-8079-5ec8a0ab6cc1', DEFAULT, 88), ('8117f5dd-ad95-4c45-b393-b48ce35b1899', DEFAULT, 88), ('fef3078b-3ef3-488c-91d9-aa8ad1f54d29', DEFAULT, 88), ('e5a2c764-53b1-4820-82df-6855b070285a', DEFAULT, 88);
INSERT INTO public.photoshot_tags (id,created_at,tag_id) VALUES (89, DEFAULT, 1), (89, DEFAULT, 5), (89, DEFAULT, 3), (89, DEFAULT, 7);
SELECT setval('"public"."photoshot_tags_id_seq"'::regclass, (SELECT MAX("id") FROM "public"."photoshot_tags"));
INSERT INTO public.photoshot_likes (photoshot_id,created_at,created_by,like_type) VALUES (89, DEFAULT, '885a0c00-1512-4442-8edd-d5cbe7e43ecc', 1), (89, DEFAULT, '8117f5dd-ad95-4c45-b393-b48ce35b1899', 1), (89, DEFAULT, '7228984f-c255-410f-9b19-c97eed9e9e75', 1), (89, DEFAULT, '27e02716-988f-4cd4-a694-124a81b7f5c0', 1);
INSERT INTO public.saved_photoshots (id,created_at,photoshot_id) VALUES ('8117f5dd-ad95-4c45-b393-b48ce35b1899', DEFAULT, 89), ('fef3078b-3ef3-488c-91d9-aa8ad1f54d29', DEFAULT, 89), ('27e02716-988f-4cd4-a694-124a81b7f5c0', DEFAULT, 89), ('c9fe6565-6bb6-4a4c-a1cd-7fbe244f4599', DEFAULT, 89), ('e529c355-b9ff-4fd7-b4ff-bbb34eadef95', DEFAULT, 89);
INSERT INTO public.photoshot_tags (id,created_at,tag_id) VALUES (90, DEFAULT, 4), (90, DEFAULT, 2), (90, DEFAULT, 3), (90, DEFAULT, 8);
SELECT setval('"public"."photoshot_tags_id_seq"'::regclass, (SELECT MAX("id") FROM "public"."photoshot_tags"));
INSERT INTO public.photoshot_likes (photoshot_id,created_at,created_by,like_type) VALUES (90, DEFAULT, 'fef3078b-3ef3-488c-91d9-aa8ad1f54d29', 1);
INSERT INTO public.saved_photoshots (id,created_at,photoshot_id) VALUES ('c9fe6565-6bb6-4a4c-a1cd-7fbe244f4599', DEFAULT, 90), ('e529c355-b9ff-4fd7-b4ff-bbb34eadef95', DEFAULT, 90), ('fef3078b-3ef3-488c-91d9-aa8ad1f54d29', DEFAULT, 90), ('3a2e5788-d2ad-4939-8079-5ec8a0ab6cc1', DEFAULT, 90), ('885a0c00-1512-4442-8edd-d5cbe7e43ecc', DEFAULT, 90);
INSERT INTO public.photospot_reviews (created_at,created_by,rating,text,photospot_id,edited,id) VALUES (DEFAULT, '885a0c00-1512-4442-8edd-d5cbe7e43ecc', 3, 'Breathtaking views! The sunset at this spot was stunning. 5/5 would recommend!', 7, DEFAULT, 16310421);
SELECT setval('"public"."photospot_reviews_id_seq"'::regclass, (SELECT MAX("id") FROM "public"."photospot_reviews"));
INSERT INTO public.photoshots (id,created_at,photospot_id,name,recreate_text,photo_paths,created_by) VALUES (91, DEFAULT, 7, 'Urban Exploration', 'Capture a photo of yourself standing in front of a beautiful waterfall, wearing a swimsuit and holding a towel.', '{"https://picsum.photos/id/212/400/400","https://picsum.photos/id/91/400/400","https://picsum.photos/id/401/400/400"}', NULL), (92, DEFAULT, 7, 'Smiling Friends', 'To recreate, find a bustling street market, wear a colorful outfit and hold a basket of fruit.', '{"https://picsum.photos/id/201/400/400","https://picsum.photos/id/604/400/400","https://picsum.photos/id/660/400/400"}', NULL), (93, DEFAULT, 7, 'Wildlife Adventure', 'To recreate, find a scenic outdoor location with a mountainous backdrop, wear a pair of hiking boots and hold a trekking pole.', '{"https://picsum.photos/id/585/400/400","https://picsum.photos/id/261/400/400","https://picsum.photos/id/75/400/400"}', NULL), (94, DEFAULT, 7, 'Foodie Heaven', 'Sit on a beach towel, wearing a swimsuit and sunglasses, and hold a surfboard.', '{"https://picsum.photos/id/571/400/400","https://picsum.photos/id/415/400/400","https://picsum.photos/id/331/400/400"}', NULL), (95, DEFAULT, 7, 'New York City Skyline', 'To recreate, find a minimalist background, wear a simple dress and hold a book.', '{"https://picsum.photos/id/562/400/400","https://picsum.photos/id/872/400/400","https://picsum.photos/id/83/400/400"}', NULL), (96, DEFAULT, 7, 'Winter Sports', 'To recreate, find a modern gym, wear a workout outfit and hold a pair of dumbbells.', '{"https://picsum.photos/id/702/400/400","https://picsum.photos/id/548/400/400","https://picsum.photos/id/342/400/400"}', NULL), (97, DEFAULT, 7, 'Urban Exploration', 'Recreate by standing in a vintage-style bar, wearing a suit and holding a cocktail.', '{"https://picsum.photos/id/846/400/400","https://picsum.photos/id/73/400/400","https://picsum.photos/id/953/400/400"}', NULL), (98, DEFAULT, 7, 'Sunny Days', 'Capture a photo of yourself standing in front of a stunning sunset, wearing a comfortable outfit and holding a camera.', '{"https://picsum.photos/id/205/400/400","https://picsum.photos/id/497/400/400","https://picsum.photos/id/566/400/400"}', NULL), (99, DEFAULT, 7, 'Mountain Climbing', 'Recreate by standing in a modern kitchen, wearing a chef''s hat and holding a mixing bowl.', '{"https://picsum.photos/id/261/400/400","https://picsum.photos/id/369/400/400","https://picsum.photos/id/320/400/400"}', NULL), (100, DEFAULT, 7, 'Happy Couple', 'To recreate, find a bustling street market, wear a colorful outfit and hold a basket of fruit.', '{"https://picsum.photos/id/322/400/400","https://picsum.photos/id/422/400/400","https://picsum.photos/id/770/400/400"}', NULL), (101, DEFAULT, 7, 'City Lights at Night', 'Recreate by posing on a skateboard, wearing a helmet and holding a skateboard.', '{"https://picsum.photos/id/295/400/400","https://picsum.photos/id/43/400/400","https://picsum.photos/id/813/400/400"}', NULL), (102, DEFAULT, 7, 'Sunset at the Beach', 'To recreate, find a trendy cafe, wear a fashionable outfit and hold a coffee cup.', '{"https://picsum.photos/id/573/400/400","https://picsum.photos/id/223/400/400","https://picsum.photos/id/1/400/400"}', NULL), (103, DEFAULT, 7, 'Smiling Friends', 'To recreate, find a beautiful garden, wear a gardening outfit and hold a watering can.', '{"https://picsum.photos/id/157/400/400","https://picsum.photos/id/421/400/400","https://picsum.photos/id/453/400/400"}', NULL), (104, DEFAULT, 7, 'City Lights at Night', 'To recreate, find a rustic wooden background, wear a plaid shirt and hold a fishing rod.', '{"https://picsum.photos/id/598/400/400","https://picsum.photos/id/517/400/400","https://picsum.photos/id/284/400/400"}', NULL), (105, DEFAULT, 7, 'Fashionable Friends', 'Sit on a porch swing, wearing a comfortable outfit and holding a glass of lemonade.', '{"https://picsum.photos/id/801/400/400","https://picsum.photos/id/835/400/400","https://picsum.photos/id/419/400/400"}', NULL);
UPDATE public.photoshots SET created_by = '885a0c00-1512-4442-8edd-d5cbe7e43ecc' WHERE id = 91;
UPDATE public.photoshots SET created_by = '885a0c00-1512-4442-8edd-d5cbe7e43ecc' WHERE id = 92;
UPDATE public.photoshots SET created_by = '885a0c00-1512-4442-8edd-d5cbe7e43ecc' WHERE id = 93;
UPDATE public.photoshots SET created_by = '885a0c00-1512-4442-8edd-d5cbe7e43ecc' WHERE id = 94;
UPDATE public.photoshots SET created_by = '885a0c00-1512-4442-8edd-d5cbe7e43ecc' WHERE id = 95;
UPDATE public.photoshots SET created_by = '885a0c00-1512-4442-8edd-d5cbe7e43ecc' WHERE id = 96;
UPDATE public.photoshots SET created_by = '885a0c00-1512-4442-8edd-d5cbe7e43ecc' WHERE id = 97;
UPDATE public.photoshots SET created_by = '885a0c00-1512-4442-8edd-d5cbe7e43ecc' WHERE id = 98;
UPDATE public.photoshots SET created_by = '885a0c00-1512-4442-8edd-d5cbe7e43ecc' WHERE id = 99;
UPDATE public.photoshots SET created_by = '885a0c00-1512-4442-8edd-d5cbe7e43ecc' WHERE id = 100;
UPDATE public.photoshots SET created_by = '885a0c00-1512-4442-8edd-d5cbe7e43ecc' WHERE id = 101;
UPDATE public.photoshots SET created_by = '885a0c00-1512-4442-8edd-d5cbe7e43ecc' WHERE id = 102;
UPDATE public.photoshots SET created_by = '885a0c00-1512-4442-8edd-d5cbe7e43ecc' WHERE id = 103;
UPDATE public.photoshots SET created_by = '885a0c00-1512-4442-8edd-d5cbe7e43ecc' WHERE id = 104;
UPDATE public.photoshots SET created_by = '885a0c00-1512-4442-8edd-d5cbe7e43ecc' WHERE id = 105;
SELECT setval('"public"."photoshots_id_seq"'::regclass, (SELECT MAX("id") FROM "public"."photoshots"));
INSERT INTO public.photoshot_tags (id,created_at,tag_id) VALUES (91, DEFAULT, 5), (91, DEFAULT, 9), (91, DEFAULT, 10);
SELECT setval('"public"."photoshot_tags_id_seq"'::regclass, (SELECT MAX("id") FROM "public"."photoshot_tags"));
INSERT INTO public.photoshot_likes (photoshot_id,created_at,created_by,like_type) VALUES (91, DEFAULT, '885a0c00-1512-4442-8edd-d5cbe7e43ecc', 1);
INSERT INTO public.saved_photoshots (id,created_at,photoshot_id) VALUES ('3a2e5788-d2ad-4939-8079-5ec8a0ab6cc1', DEFAULT, 91);
INSERT INTO public.photoshot_tags (id,created_at,tag_id) VALUES (92, DEFAULT, 10), (92, DEFAULT, 1);
SELECT setval('"public"."photoshot_tags_id_seq"'::regclass, (SELECT MAX("id") FROM "public"."photoshot_tags"));
INSERT INTO public.photoshot_likes (photoshot_id,created_at,created_by,like_type) VALUES (92, DEFAULT, '7228984f-c255-410f-9b19-c97eed9e9e75', 1), (92, DEFAULT, '3a2e5788-d2ad-4939-8079-5ec8a0ab6cc1', 1), (92, DEFAULT, 'fef3078b-3ef3-488c-91d9-aa8ad1f54d29', 1);
INSERT INTO public.saved_photoshots (id,created_at,photoshot_id) VALUES ('fef3078b-3ef3-488c-91d9-aa8ad1f54d29', DEFAULT, 92), ('e5a2c764-53b1-4820-82df-6855b070285a', DEFAULT, 92), ('c9fe6565-6bb6-4a4c-a1cd-7fbe244f4599', DEFAULT, 92);
INSERT INTO public.photoshot_tags (id,created_at,tag_id) VALUES (93, DEFAULT, 4), (93, DEFAULT, 1), (93, DEFAULT, 2), (93, DEFAULT, 10), (93, DEFAULT, 7);
SELECT setval('"public"."photoshot_tags_id_seq"'::regclass, (SELECT MAX("id") FROM "public"."photoshot_tags"));
INSERT INTO public.photoshot_likes (photoshot_id,created_at,created_by,like_type) VALUES (93, DEFAULT, 'fef3078b-3ef3-488c-91d9-aa8ad1f54d29', 1), (93, DEFAULT, '27e02716-988f-4cd4-a694-124a81b7f5c0', 1), (93, DEFAULT, '885a0c00-1512-4442-8edd-d5cbe7e43ecc', 1), (93, DEFAULT, 'e5a2c764-53b1-4820-82df-6855b070285a', 1);
INSERT INTO public.saved_photoshots (id,created_at,photoshot_id) VALUES ('885a0c00-1512-4442-8edd-d5cbe7e43ecc', DEFAULT, 93), ('27e02716-988f-4cd4-a694-124a81b7f5c0', DEFAULT, 93), ('3a2e5788-d2ad-4939-8079-5ec8a0ab6cc1', DEFAULT, 93), ('7228984f-c255-410f-9b19-c97eed9e9e75', DEFAULT, 93);
INSERT INTO public.photoshot_tags (id,created_at,tag_id) VALUES (94, DEFAULT, 9);
SELECT setval('"public"."photoshot_tags_id_seq"'::regclass, (SELECT MAX("id") FROM "public"."photoshot_tags"));
;
;
INSERT INTO public.photoshot_tags (id,created_at,tag_id) VALUES (95, DEFAULT, 6), (95, DEFAULT, 10), (95, DEFAULT, 1);
SELECT setval('"public"."photoshot_tags_id_seq"'::regclass, (SELECT MAX("id") FROM "public"."photoshot_tags"));
INSERT INTO public.photoshot_likes (photoshot_id,created_at,created_by,like_type) VALUES (95, DEFAULT, '3a2e5788-d2ad-4939-8079-5ec8a0ab6cc1', 1), (95, DEFAULT, '7228984f-c255-410f-9b19-c97eed9e9e75', 1);
INSERT INTO public.saved_photoshots (id,created_at,photoshot_id) VALUES ('8117f5dd-ad95-4c45-b393-b48ce35b1899', DEFAULT, 95), ('e5a2c764-53b1-4820-82df-6855b070285a', DEFAULT, 95), ('fef3078b-3ef3-488c-91d9-aa8ad1f54d29', DEFAULT, 95), ('27e02716-988f-4cd4-a694-124a81b7f5c0', DEFAULT, 95);
INSERT INTO public.photoshot_tags (id,created_at,tag_id) VALUES (96, DEFAULT, 7);
SELECT setval('"public"."photoshot_tags_id_seq"'::regclass, (SELECT MAX("id") FROM "public"."photoshot_tags"));
INSERT INTO public.photoshot_likes (photoshot_id,created_at,created_by,like_type) VALUES (96, DEFAULT, 'e5a2c764-53b1-4820-82df-6855b070285a', 1), (96, DEFAULT, 'fef3078b-3ef3-488c-91d9-aa8ad1f54d29', 1), (96, DEFAULT, '8117f5dd-ad95-4c45-b393-b48ce35b1899', 1), (96, DEFAULT, '7228984f-c255-410f-9b19-c97eed9e9e75', 1), (96, DEFAULT, '27e02716-988f-4cd4-a694-124a81b7f5c0', 1);
INSERT INTO public.saved_photoshots (id,created_at,photoshot_id) VALUES ('27e02716-988f-4cd4-a694-124a81b7f5c0', DEFAULT, 96), ('885a0c00-1512-4442-8edd-d5cbe7e43ecc', DEFAULT, 96), ('e5a2c764-53b1-4820-82df-6855b070285a', DEFAULT, 96), ('e529c355-b9ff-4fd7-b4ff-bbb34eadef95', DEFAULT, 96), ('fef3078b-3ef3-488c-91d9-aa8ad1f54d29', DEFAULT, 96);
INSERT INTO public.photoshot_tags (id,created_at,tag_id) VALUES (97, DEFAULT, 1), (97, DEFAULT, 6), (97, DEFAULT, 3), (97, DEFAULT, 8), (97, DEFAULT, 10);
SELECT setval('"public"."photoshot_tags_id_seq"'::regclass, (SELECT MAX("id") FROM "public"."photoshot_tags"));
;
INSERT INTO public.saved_photoshots (id,created_at,photoshot_id) VALUES ('3a2e5788-d2ad-4939-8079-5ec8a0ab6cc1', DEFAULT, 97);
INSERT INTO public.photoshot_tags (id,created_at,tag_id) VALUES (98, DEFAULT, 9), (98, DEFAULT, 2);
SELECT setval('"public"."photoshot_tags_id_seq"'::regclass, (SELECT MAX("id") FROM "public"."photoshot_tags"));
INSERT INTO public.photoshot_likes (photoshot_id,created_at,created_by,like_type) VALUES (98, DEFAULT, '7228984f-c255-410f-9b19-c97eed9e9e75', 1), (98, DEFAULT, '8117f5dd-ad95-4c45-b393-b48ce35b1899', 1);
INSERT INTO public.saved_photoshots (id,created_at,photoshot_id) VALUES ('8117f5dd-ad95-4c45-b393-b48ce35b1899', DEFAULT, 98), ('885a0c00-1512-4442-8edd-d5cbe7e43ecc', DEFAULT, 98), ('c9fe6565-6bb6-4a4c-a1cd-7fbe244f4599', DEFAULT, 98);
INSERT INTO public.photoshot_tags (id,created_at,tag_id) VALUES (99, DEFAULT, 5), (99, DEFAULT, 8), (99, DEFAULT, 6), (99, DEFAULT, 3);
SELECT setval('"public"."photoshot_tags_id_seq"'::regclass, (SELECT MAX("id") FROM "public"."photoshot_tags"));
INSERT INTO public.photoshot_likes (photoshot_id,created_at,created_by,like_type) VALUES (99, DEFAULT, '27e02716-988f-4cd4-a694-124a81b7f5c0', 1), (99, DEFAULT, '8117f5dd-ad95-4c45-b393-b48ce35b1899', 1), (99, DEFAULT, 'fef3078b-3ef3-488c-91d9-aa8ad1f54d29', 1), (99, DEFAULT, 'e529c355-b9ff-4fd7-b4ff-bbb34eadef95', 1);
INSERT INTO public.saved_photoshots (id,created_at,photoshot_id) VALUES ('8117f5dd-ad95-4c45-b393-b48ce35b1899', DEFAULT, 99), ('885a0c00-1512-4442-8edd-d5cbe7e43ecc', DEFAULT, 99), ('fef3078b-3ef3-488c-91d9-aa8ad1f54d29', DEFAULT, 99), ('7228984f-c255-410f-9b19-c97eed9e9e75', DEFAULT, 99);
INSERT INTO public.photoshot_tags (id,created_at,tag_id) VALUES (100, DEFAULT, 9), (100, DEFAULT, 7);
SELECT setval('"public"."photoshot_tags_id_seq"'::regclass, (SELECT MAX("id") FROM "public"."photoshot_tags"));
INSERT INTO public.photoshot_likes (photoshot_id,created_at,created_by,like_type) VALUES (100, DEFAULT, 'fef3078b-3ef3-488c-91d9-aa8ad1f54d29', 1), (100, DEFAULT, 'c9fe6565-6bb6-4a4c-a1cd-7fbe244f4599', 1), (100, DEFAULT, 'e5a2c764-53b1-4820-82df-6855b070285a', 1);
INSERT INTO public.saved_photoshots (id,created_at,photoshot_id) VALUES ('e5a2c764-53b1-4820-82df-6855b070285a', DEFAULT, 100), ('e529c355-b9ff-4fd7-b4ff-bbb34eadef95', DEFAULT, 100), ('c9fe6565-6bb6-4a4c-a1cd-7fbe244f4599', DEFAULT, 100), ('8117f5dd-ad95-4c45-b393-b48ce35b1899', DEFAULT, 100);
INSERT INTO public.photoshot_tags (id,created_at,tag_id) VALUES (101, DEFAULT, 1);
SELECT setval('"public"."photoshot_tags_id_seq"'::regclass, (SELECT MAX("id") FROM "public"."photoshot_tags"));
INSERT INTO public.photoshot_likes (photoshot_id,created_at,created_by,like_type) VALUES (101, DEFAULT, 'e529c355-b9ff-4fd7-b4ff-bbb34eadef95', 1), (101, DEFAULT, '8117f5dd-ad95-4c45-b393-b48ce35b1899', 1), (101, DEFAULT, 'c9fe6565-6bb6-4a4c-a1cd-7fbe244f4599', 1);
INSERT INTO public.saved_photoshots (id,created_at,photoshot_id) VALUES ('27e02716-988f-4cd4-a694-124a81b7f5c0', DEFAULT, 101), ('8117f5dd-ad95-4c45-b393-b48ce35b1899', DEFAULT, 101), ('fef3078b-3ef3-488c-91d9-aa8ad1f54d29', DEFAULT, 101);
INSERT INTO public.photoshot_tags (id,created_at,tag_id) VALUES (102, DEFAULT, 5), (102, DEFAULT, 7), (102, DEFAULT, 9), (102, DEFAULT, 6);
SELECT setval('"public"."photoshot_tags_id_seq"'::regclass, (SELECT MAX("id") FROM "public"."photoshot_tags"));
INSERT INTO public.photoshot_likes (photoshot_id,created_at,created_by,like_type) VALUES (102, DEFAULT, '27e02716-988f-4cd4-a694-124a81b7f5c0', 1), (102, DEFAULT, 'fef3078b-3ef3-488c-91d9-aa8ad1f54d29', 1);
INSERT INTO public.saved_photoshots (id,created_at,photoshot_id) VALUES ('e5a2c764-53b1-4820-82df-6855b070285a', DEFAULT, 102), ('3a2e5788-d2ad-4939-8079-5ec8a0ab6cc1', DEFAULT, 102);
INSERT INTO public.photoshot_tags (id,created_at,tag_id) VALUES (103, DEFAULT, 10), (103, DEFAULT, 2), (103, DEFAULT, 3);
SELECT setval('"public"."photoshot_tags_id_seq"'::regclass, (SELECT MAX("id") FROM "public"."photoshot_tags"));
INSERT INTO public.photoshot_likes (photoshot_id,created_at,created_by,like_type) VALUES (103, DEFAULT, 'e5a2c764-53b1-4820-82df-6855b070285a', 1), (103, DEFAULT, '27e02716-988f-4cd4-a694-124a81b7f5c0', 1), (103, DEFAULT, '7228984f-c255-410f-9b19-c97eed9e9e75', 1);
INSERT INTO public.saved_photoshots (id,created_at,photoshot_id) VALUES ('8117f5dd-ad95-4c45-b393-b48ce35b1899', DEFAULT, 103), ('3a2e5788-d2ad-4939-8079-5ec8a0ab6cc1', DEFAULT, 103), ('e529c355-b9ff-4fd7-b4ff-bbb34eadef95', DEFAULT, 103), ('c9fe6565-6bb6-4a4c-a1cd-7fbe244f4599', DEFAULT, 103), ('7228984f-c255-410f-9b19-c97eed9e9e75', DEFAULT, 103);
INSERT INTO public.photoshot_tags (id,created_at,tag_id) VALUES (104, DEFAULT, 1), (104, DEFAULT, 9), (104, DEFAULT, 5), (104, DEFAULT, 10);
SELECT setval('"public"."photoshot_tags_id_seq"'::regclass, (SELECT MAX("id") FROM "public"."photoshot_tags"));
INSERT INTO public.photoshot_likes (photoshot_id,created_at,created_by,like_type) VALUES (104, DEFAULT, 'e529c355-b9ff-4fd7-b4ff-bbb34eadef95', 1), (104, DEFAULT, '27e02716-988f-4cd4-a694-124a81b7f5c0', 1), (104, DEFAULT, '8117f5dd-ad95-4c45-b393-b48ce35b1899', 1);
INSERT INTO public.saved_photoshots (id,created_at,photoshot_id) VALUES ('fef3078b-3ef3-488c-91d9-aa8ad1f54d29', DEFAULT, 104);
INSERT INTO public.photoshot_tags (id,created_at,tag_id) VALUES (105, DEFAULT, 8), (105, DEFAULT, 6), (105, DEFAULT, 4), (105, DEFAULT, 5), (105, DEFAULT, 3);
SELECT setval('"public"."photoshot_tags_id_seq"'::regclass, (SELECT MAX("id") FROM "public"."photoshot_tags"));
INSERT INTO public.photoshot_likes (photoshot_id,created_at,created_by,like_type) VALUES (105, DEFAULT, 'c9fe6565-6bb6-4a4c-a1cd-7fbe244f4599', 1), (105, DEFAULT, 'fef3078b-3ef3-488c-91d9-aa8ad1f54d29', 1), (105, DEFAULT, 'e5a2c764-53b1-4820-82df-6855b070285a', 1), (105, DEFAULT, '7228984f-c255-410f-9b19-c97eed9e9e75', 1), (105, DEFAULT, '885a0c00-1512-4442-8edd-d5cbe7e43ecc', 1);
INSERT INTO public.saved_photoshots (id,created_at,photoshot_id) VALUES ('e529c355-b9ff-4fd7-b4ff-bbb34eadef95', DEFAULT, 105), ('3a2e5788-d2ad-4939-8079-5ec8a0ab6cc1', DEFAULT, 105), ('c9fe6565-6bb6-4a4c-a1cd-7fbe244f4599', DEFAULT, 105);
INSERT INTO public.photospot_reviews (created_at,created_by,rating,text,photospot_id,edited,id) VALUES (DEFAULT, 'fef3078b-3ef3-488c-91d9-aa8ad1f54d29', 2, 'Wish there were more trash cans and recycling bins.', 8, DEFAULT, 9575093), (DEFAULT, '27e02716-988f-4cd4-a694-124a81b7f5c0', 4, 'Beautiful spot, but wish there were more signs indicating the trails.', 8, DEFAULT, 14122454), (DEFAULT, 'c9fe6565-6bb6-4a4c-a1cd-7fbe244f4599', 5, 'Wish I had brought a better camera to capture the beauty of this spot.', 8, DEFAULT, 14022787), (DEFAULT, '885a0c00-1512-4442-8edd-d5cbe7e43ecc', 1, 'Definitely worth the early morning wake-up call. The sunrise was stunning.', 8, DEFAULT, 13242422), (DEFAULT, '3a2e5788-d2ad-4939-8079-5ec8a0ab6cc1', 2, 'The scenic drive to the spot was an adventure in itself.', 8, DEFAULT, 6042430), (DEFAULT, 'e529c355-b9ff-4fd7-b4ff-bbb34eadef95', 1, 'The hike was tougher than expected, but the scenery was well worth it.', 8, DEFAULT, 430917), (DEFAULT, 'e5a2c764-53b1-4820-82df-6855b070285a', 5, 'The views of the mountains from this spot are simply breathtaking.', 8, DEFAULT, 1982526), (DEFAULT, '7228984f-c255-410f-9b19-c97eed9e9e75', 4, 'Perfect spot for a peaceful morning meditation.', 8, DEFAULT, 16415872), (DEFAULT, '8117f5dd-ad95-4c45-b393-b48ce35b1899', 5, 'The scenic drive to the spot was an adventure in itself.', 8, DEFAULT, 1698002);
SELECT setval('"public"."photospot_reviews_id_seq"'::regclass, (SELECT MAX("id") FROM "public"."photospot_reviews"));
INSERT INTO public.photoshots (id,created_at,photospot_id,name,recreate_text,photo_paths,created_by) VALUES (106, DEFAULT, 8, 'Wildlife Adventure', 'Capture a photo of yourself standing in front of a beautiful waterfall, wearing a swimsuit and holding a towel.', '{"https://picsum.photos/id/436/400/400","https://picsum.photos/id/381/400/400","https://picsum.photos/id/910/400/400"}', NULL), (107, DEFAULT, 8, 'Travel Bug', 'To recreate, find a historic landmark, wear a cultural outfit and hold a souvenir.', '{"https://picsum.photos/id/938/400/400","https://picsum.photos/id/452/400/400","https://picsum.photos/id/586/400/400"}', NULL), (108, DEFAULT, 8, 'Summer Vibes', 'Capture a photo of yourself sitting on a couch, surrounded by pillows, wearing a cozy sweater and holding a warm cup of coffee.', '{"https://picsum.photos/id/910/400/400","https://picsum.photos/id/800/400/400","https://picsum.photos/id/808/400/400"}', NULL), (109, DEFAULT, 8, 'Mountain Climbing', 'Capture a photo of yourself standing in front of a colorful graffiti wall, wearing a trendy outfit and holding a pair of sunglasses.', '{"https://picsum.photos/id/888/400/400","https://picsum.photos/id/395/400/400","https://picsum.photos/id/989/400/400"}', NULL), (110, DEFAULT, 8, 'Summer Nights', 'Recreate by posing on a rocky cliff, wearing a windbreaker and holding a pair of binoculars.', '{"https://picsum.photos/id/461/400/400","https://picsum.photos/id/425/400/400","https://picsum.photos/id/910/400/400"}', NULL), (111, DEFAULT, 8, 'Winter Wonderland', 'To recreate, find a bustling street market, wear a colorful outfit and hold a basket of fruit.', '{"https://picsum.photos/id/801/400/400","https://picsum.photos/id/981/400/400","https://picsum.photos/id/9/400/400"}', NULL), (112, DEFAULT, 8, 'Seaside Escape', 'To recreate, find a rustic wooden background, wear a plaid shirt and hold a fishing rod.', '{"https://picsum.photos/id/562/400/400","https://picsum.photos/id/268/400/400","https://picsum.photos/id/998/400/400"}', NULL), (113, DEFAULT, 8, 'Golden Hour in Paris', 'To recreate, find a bustling street market, wear a colorful outfit and hold a basket of fruit.', '{"https://picsum.photos/id/588/400/400","https://picsum.photos/id/332/400/400","https://picsum.photos/id/120/400/400"}', NULL), (114, DEFAULT, 8, 'Wild West', 'Recreate by posing on a horse, wearing a cowboy hat and holding a lasso.', '{"https://picsum.photos/id/580/400/400","https://picsum.photos/id/196/400/400","https://picsum.photos/id/197/400/400"}', NULL), (115, DEFAULT, 8, 'Foodie Heaven', 'To recreate, find a modern art museum, wear a stylish outfit and hold a art catalog.', '{"https://picsum.photos/id/38/400/400","https://picsum.photos/id/541/400/400","https://picsum.photos/id/464/400/400"}', NULL), (116, DEFAULT, 8, 'Summer Nights', 'To recreate, find a beautiful beach at sunset, wear a swimsuit and hold a surfboard.', '{"https://picsum.photos/id/469/400/400","https://picsum.photos/id/681/400/400","https://picsum.photos/id/318/400/400"}', NULL), (117, DEFAULT, 8, 'Urban Cityscape', 'Recreate by posing on a motorcycle, wearing a helmet and holding a GPS.', '{"https://picsum.photos/id/555/400/400","https://picsum.photos/id/460/400/400","https://picsum.photos/id/239/400/400"}', NULL), (118, DEFAULT, 8, 'Sunflower Field', 'Recreate by standing in a modern kitchen, wearing a chef''s hat and holding a mixing bowl.', '{"https://picsum.photos/id/114/400/400","https://picsum.photos/id/980/400/400","https://picsum.photos/id/656/400/400"}', NULL), (119, DEFAULT, 8, 'Happy Moments', 'Recreate by posing in front of a city skyline at sunset, wearing a business suit and holding a briefcase.', '{"https://picsum.photos/id/574/400/400","https://picsum.photos/id/941/400/400","https://picsum.photos/id/912/400/400"}', NULL), (120, DEFAULT, 8, 'Tropical Island Getaway', 'Recreate by standing in a trendy boutique, wearing a fashionable outfit and holding a shopping bag.', '{"https://picsum.photos/id/241/400/400","https://picsum.photos/id/732/400/400","https://picsum.photos/id/95/400/400"}', NULL);
UPDATE public.photoshots SET created_by = '885a0c00-1512-4442-8edd-d5cbe7e43ecc' WHERE id = 106;
UPDATE public.photoshots SET created_by = '885a0c00-1512-4442-8edd-d5cbe7e43ecc' WHERE id = 107;
UPDATE public.photoshots SET created_by = '885a0c00-1512-4442-8edd-d5cbe7e43ecc' WHERE id = 108;
UPDATE public.photoshots SET created_by = '885a0c00-1512-4442-8edd-d5cbe7e43ecc' WHERE id = 109;
UPDATE public.photoshots SET created_by = '885a0c00-1512-4442-8edd-d5cbe7e43ecc' WHERE id = 110;
UPDATE public.photoshots SET created_by = '885a0c00-1512-4442-8edd-d5cbe7e43ecc' WHERE id = 111;
UPDATE public.photoshots SET created_by = '885a0c00-1512-4442-8edd-d5cbe7e43ecc' WHERE id = 112;
UPDATE public.photoshots SET created_by = '885a0c00-1512-4442-8edd-d5cbe7e43ecc' WHERE id = 113;
UPDATE public.photoshots SET created_by = '885a0c00-1512-4442-8edd-d5cbe7e43ecc' WHERE id = 114;
UPDATE public.photoshots SET created_by = '885a0c00-1512-4442-8edd-d5cbe7e43ecc' WHERE id = 115;
UPDATE public.photoshots SET created_by = '885a0c00-1512-4442-8edd-d5cbe7e43ecc' WHERE id = 116;
UPDATE public.photoshots SET created_by = '885a0c00-1512-4442-8edd-d5cbe7e43ecc' WHERE id = 117;
UPDATE public.photoshots SET created_by = '885a0c00-1512-4442-8edd-d5cbe7e43ecc' WHERE id = 118;
UPDATE public.photoshots SET created_by = '885a0c00-1512-4442-8edd-d5cbe7e43ecc' WHERE id = 119;
UPDATE public.photoshots SET created_by = '885a0c00-1512-4442-8edd-d5cbe7e43ecc' WHERE id = 120;
SELECT setval('"public"."photoshots_id_seq"'::regclass, (SELECT MAX("id") FROM "public"."photoshots"));
INSERT INTO public.photoshot_tags (id,created_at,tag_id) VALUES (106, DEFAULT, 2);
SELECT setval('"public"."photoshot_tags_id_seq"'::regclass, (SELECT MAX("id") FROM "public"."photoshot_tags"));
INSERT INTO public.photoshot_likes (photoshot_id,created_at,created_by,like_type) VALUES (106, DEFAULT, 'c9fe6565-6bb6-4a4c-a1cd-7fbe244f4599', 1);
INSERT INTO public.saved_photoshots (id,created_at,photoshot_id) VALUES ('c9fe6565-6bb6-4a4c-a1cd-7fbe244f4599', DEFAULT, 106), ('885a0c00-1512-4442-8edd-d5cbe7e43ecc', DEFAULT, 106), ('3a2e5788-d2ad-4939-8079-5ec8a0ab6cc1', DEFAULT, 106), ('27e02716-988f-4cd4-a694-124a81b7f5c0', DEFAULT, 106), ('7228984f-c255-410f-9b19-c97eed9e9e75', DEFAULT, 106);
INSERT INTO public.photoshot_tags (id,created_at,tag_id) VALUES (107, DEFAULT, 7), (107, DEFAULT, 2), (107, DEFAULT, 9), (107, DEFAULT, 5), (107, DEFAULT, 6);
SELECT setval('"public"."photoshot_tags_id_seq"'::regclass, (SELECT MAX("id") FROM "public"."photoshot_tags"));
INSERT INTO public.photoshot_likes (photoshot_id,created_at,created_by,like_type) VALUES (107, DEFAULT, '7228984f-c255-410f-9b19-c97eed9e9e75', 1), (107, DEFAULT, 'e529c355-b9ff-4fd7-b4ff-bbb34eadef95', 1), (107, DEFAULT, 'fef3078b-3ef3-488c-91d9-aa8ad1f54d29', 1);
INSERT INTO public.saved_photoshots (id,created_at,photoshot_id) VALUES ('e529c355-b9ff-4fd7-b4ff-bbb34eadef95', DEFAULT, 107);
INSERT INTO public.photoshot_tags (id,created_at,tag_id) VALUES (108, DEFAULT, 1);
SELECT setval('"public"."photoshot_tags_id_seq"'::regclass, (SELECT MAX("id") FROM "public"."photoshot_tags"));
INSERT INTO public.photoshot_likes (photoshot_id,created_at,created_by,like_type) VALUES (108, DEFAULT, 'e5a2c764-53b1-4820-82df-6855b070285a', 1);
;
INSERT INTO public.photoshot_tags (id,created_at,tag_id) VALUES (109, DEFAULT, 9), (109, DEFAULT, 1);
SELECT setval('"public"."photoshot_tags_id_seq"'::regclass, (SELECT MAX("id") FROM "public"."photoshot_tags"));
INSERT INTO public.photoshot_likes (photoshot_id,created_at,created_by,like_type) VALUES (109, DEFAULT, 'e5a2c764-53b1-4820-82df-6855b070285a', 1), (109, DEFAULT, '7228984f-c255-410f-9b19-c97eed9e9e75', 1);
INSERT INTO public.saved_photoshots (id,created_at,photoshot_id) VALUES ('fef3078b-3ef3-488c-91d9-aa8ad1f54d29', DEFAULT, 109), ('8117f5dd-ad95-4c45-b393-b48ce35b1899', DEFAULT, 109);
INSERT INTO public.photoshot_tags (id,created_at,tag_id) VALUES (110, DEFAULT, 4), (110, DEFAULT, 7), (110, DEFAULT, 5), (110, DEFAULT, 6), (110, DEFAULT, 3);
SELECT setval('"public"."photoshot_tags_id_seq"'::regclass, (SELECT MAX("id") FROM "public"."photoshot_tags"));
;
INSERT INTO public.saved_photoshots (id,created_at,photoshot_id) VALUES ('e529c355-b9ff-4fd7-b4ff-bbb34eadef95', DEFAULT, 110), ('fef3078b-3ef3-488c-91d9-aa8ad1f54d29', DEFAULT, 110);
INSERT INTO public.photoshot_tags (id,created_at,tag_id) VALUES (111, DEFAULT, 5);
SELECT setval('"public"."photoshot_tags_id_seq"'::regclass, (SELECT MAX("id") FROM "public"."photoshot_tags"));
INSERT INTO public.photoshot_likes (photoshot_id,created_at,created_by,like_type) VALUES (111, DEFAULT, 'c9fe6565-6bb6-4a4c-a1cd-7fbe244f4599', 1), (111, DEFAULT, '8117f5dd-ad95-4c45-b393-b48ce35b1899', 1), (111, DEFAULT, '3a2e5788-d2ad-4939-8079-5ec8a0ab6cc1', 1), (111, DEFAULT, 'e5a2c764-53b1-4820-82df-6855b070285a', 1);
INSERT INTO public.saved_photoshots (id,created_at,photoshot_id) VALUES ('27e02716-988f-4cd4-a694-124a81b7f5c0', DEFAULT, 111), ('7228984f-c255-410f-9b19-c97eed9e9e75', DEFAULT, 111), ('8117f5dd-ad95-4c45-b393-b48ce35b1899', DEFAULT, 111), ('e529c355-b9ff-4fd7-b4ff-bbb34eadef95', DEFAULT, 111);
INSERT INTO public.photoshot_tags (id,created_at,tag_id) VALUES (112, DEFAULT, 9), (112, DEFAULT, 6), (112, DEFAULT, 8);
SELECT setval('"public"."photoshot_tags_id_seq"'::regclass, (SELECT MAX("id") FROM "public"."photoshot_tags"));
;
INSERT INTO public.saved_photoshots (id,created_at,photoshot_id) VALUES ('fef3078b-3ef3-488c-91d9-aa8ad1f54d29', DEFAULT, 112), ('8117f5dd-ad95-4c45-b393-b48ce35b1899', DEFAULT, 112);
INSERT INTO public.photoshot_tags (id,created_at,tag_id) VALUES (113, DEFAULT, 3), (113, DEFAULT, 2), (113, DEFAULT, 7), (113, DEFAULT, 1);
SELECT setval('"public"."photoshot_tags_id_seq"'::regclass, (SELECT MAX("id") FROM "public"."photoshot_tags"));
INSERT INTO public.photoshot_likes (photoshot_id,created_at,created_by,like_type) VALUES (113, DEFAULT, '7228984f-c255-410f-9b19-c97eed9e9e75', 1);
INSERT INTO public.saved_photoshots (id,created_at,photoshot_id) VALUES ('fef3078b-3ef3-488c-91d9-aa8ad1f54d29', DEFAULT, 113), ('c9fe6565-6bb6-4a4c-a1cd-7fbe244f4599', DEFAULT, 113);
INSERT INTO public.photoshot_tags (id,created_at,tag_id) VALUES (114, DEFAULT, 4), (114, DEFAULT, 5);
SELECT setval('"public"."photoshot_tags_id_seq"'::regclass, (SELECT MAX("id") FROM "public"."photoshot_tags"));
INSERT INTO public.photoshot_likes (photoshot_id,created_at,created_by,like_type) VALUES (114, DEFAULT, 'e5a2c764-53b1-4820-82df-6855b070285a', 1), (114, DEFAULT, '885a0c00-1512-4442-8edd-d5cbe7e43ecc', 1), (114, DEFAULT, '7228984f-c255-410f-9b19-c97eed9e9e75', 1), (114, DEFAULT, '27e02716-988f-4cd4-a694-124a81b7f5c0', 1), (114, DEFAULT, 'c9fe6565-6bb6-4a4c-a1cd-7fbe244f4599', 1);
INSERT INTO public.saved_photoshots (id,created_at,photoshot_id) VALUES ('fef3078b-3ef3-488c-91d9-aa8ad1f54d29', DEFAULT, 114), ('27e02716-988f-4cd4-a694-124a81b7f5c0', DEFAULT, 114), ('e529c355-b9ff-4fd7-b4ff-bbb34eadef95', DEFAULT, 114), ('3a2e5788-d2ad-4939-8079-5ec8a0ab6cc1', DEFAULT, 114), ('e5a2c764-53b1-4820-82df-6855b070285a', DEFAULT, 114);
INSERT INTO public.photoshot_tags (id,created_at,tag_id) VALUES (115, DEFAULT, 7), (115, DEFAULT, 1), (115, DEFAULT, 4), (115, DEFAULT, 3), (115, DEFAULT, 8);
SELECT setval('"public"."photoshot_tags_id_seq"'::regclass, (SELECT MAX("id") FROM "public"."photoshot_tags"));
INSERT INTO public.photoshot_likes (photoshot_id,created_at,created_by,like_type) VALUES (115, DEFAULT, '3a2e5788-d2ad-4939-8079-5ec8a0ab6cc1', 1), (115, DEFAULT, '8117f5dd-ad95-4c45-b393-b48ce35b1899', 1), (115, DEFAULT, 'c9fe6565-6bb6-4a4c-a1cd-7fbe244f4599', 1), (115, DEFAULT, '885a0c00-1512-4442-8edd-d5cbe7e43ecc', 1);
;
INSERT INTO public.photoshot_tags (id,created_at,tag_id) VALUES (116, DEFAULT, 7), (116, DEFAULT, 10);
SELECT setval('"public"."photoshot_tags_id_seq"'::regclass, (SELECT MAX("id") FROM "public"."photoshot_tags"));
INSERT INTO public.photoshot_likes (photoshot_id,created_at,created_by,like_type) VALUES (116, DEFAULT, '27e02716-988f-4cd4-a694-124a81b7f5c0', 1), (116, DEFAULT, 'e5a2c764-53b1-4820-82df-6855b070285a', 1), (116, DEFAULT, 'c9fe6565-6bb6-4a4c-a1cd-7fbe244f4599', 1), (116, DEFAULT, 'e529c355-b9ff-4fd7-b4ff-bbb34eadef95', 1), (116, DEFAULT, '3a2e5788-d2ad-4939-8079-5ec8a0ab6cc1', 1);
INSERT INTO public.saved_photoshots (id,created_at,photoshot_id) VALUES ('885a0c00-1512-4442-8edd-d5cbe7e43ecc', DEFAULT, 116), ('e529c355-b9ff-4fd7-b4ff-bbb34eadef95', DEFAULT, 116);
INSERT INTO public.photoshot_tags (id,created_at,tag_id) VALUES (117, DEFAULT, 6), (117, DEFAULT, 5), (117, DEFAULT, 7), (117, DEFAULT, 8);
SELECT setval('"public"."photoshot_tags_id_seq"'::regclass, (SELECT MAX("id") FROM "public"."photoshot_tags"));
INSERT INTO public.photoshot_likes (photoshot_id,created_at,created_by,like_type) VALUES (117, DEFAULT, '3a2e5788-d2ad-4939-8079-5ec8a0ab6cc1', 1), (117, DEFAULT, 'e5a2c764-53b1-4820-82df-6855b070285a', 1), (117, DEFAULT, '885a0c00-1512-4442-8edd-d5cbe7e43ecc', 1);
INSERT INTO public.saved_photoshots (id,created_at,photoshot_id) VALUES ('e5a2c764-53b1-4820-82df-6855b070285a', DEFAULT, 117);
INSERT INTO public.photoshot_tags (id,created_at,tag_id) VALUES (118, DEFAULT, 5), (118, DEFAULT, 1);
SELECT setval('"public"."photoshot_tags_id_seq"'::regclass, (SELECT MAX("id") FROM "public"."photoshot_tags"));
INSERT INTO public.photoshot_likes (photoshot_id,created_at,created_by,like_type) VALUES (118, DEFAULT, 'c9fe6565-6bb6-4a4c-a1cd-7fbe244f4599', 1), (118, DEFAULT, '8117f5dd-ad95-4c45-b393-b48ce35b1899', 1), (118, DEFAULT, '7228984f-c255-410f-9b19-c97eed9e9e75', 1);
INSERT INTO public.saved_photoshots (id,created_at,photoshot_id) VALUES ('c9fe6565-6bb6-4a4c-a1cd-7fbe244f4599', DEFAULT, 118), ('fef3078b-3ef3-488c-91d9-aa8ad1f54d29', DEFAULT, 118);
INSERT INTO public.photoshot_tags (id,created_at,tag_id) VALUES (119, DEFAULT, 4), (119, DEFAULT, 1), (119, DEFAULT, 2), (119, DEFAULT, 9);
SELECT setval('"public"."photoshot_tags_id_seq"'::regclass, (SELECT MAX("id") FROM "public"."photoshot_tags"));
INSERT INTO public.photoshot_likes (photoshot_id,created_at,created_by,like_type) VALUES (119, DEFAULT, '27e02716-988f-4cd4-a694-124a81b7f5c0', 1), (119, DEFAULT, '3a2e5788-d2ad-4939-8079-5ec8a0ab6cc1', 1);
INSERT INTO public.saved_photoshots (id,created_at,photoshot_id) VALUES ('e529c355-b9ff-4fd7-b4ff-bbb34eadef95', DEFAULT, 119), ('fef3078b-3ef3-488c-91d9-aa8ad1f54d29', DEFAULT, 119), ('27e02716-988f-4cd4-a694-124a81b7f5c0', DEFAULT, 119);
INSERT INTO public.photoshot_tags (id,created_at,tag_id) VALUES (120, DEFAULT, 1), (120, DEFAULT, 6), (120, DEFAULT, 5), (120, DEFAULT, 2), (120, DEFAULT, 9);
SELECT setval('"public"."photoshot_tags_id_seq"'::regclass, (SELECT MAX("id") FROM "public"."photoshot_tags"));
;
INSERT INTO public.saved_photoshots (id,created_at,photoshot_id) VALUES ('8117f5dd-ad95-4c45-b393-b48ce35b1899', DEFAULT, 120);
INSERT INTO public.photospot_reviews (created_at,created_by,rating,text,photospot_id,edited,id) VALUES (DEFAULT, '885a0c00-1512-4442-8edd-d5cbe7e43ecc', 3, 'The scenic drive to the spot was just as beautiful as the spot itself.', 9, DEFAULT, 14189525);
SELECT setval('"public"."photospot_reviews_id_seq"'::regclass, (SELECT MAX("id") FROM "public"."photospot_reviews"));
INSERT INTO public.photoshots (id,created_at,photospot_id,name,recreate_text,photo_paths,created_by) VALUES (121, DEFAULT, 9, 'Urban Jungle', 'Sit on a beach towel, wearing a swimsuit and sunglasses, and hold a surfboard.', '{"https://picsum.photos/id/429/400/400","https://picsum.photos/id/87/400/400","https://picsum.photos/id/896/400/400"}', NULL), (122, DEFAULT, 9, 'Mountain Climbing', 'To recreate, find a minimalist background, wear a simple dress and hold a book.', '{"https://picsum.photos/id/198/400/400","https://picsum.photos/id/945/400/400","https://picsum.photos/id/15/400/400"}', NULL), (123, DEFAULT, 9, 'Fashion Show', 'Capture a photo of yourself standing in front of a beautiful waterfall, wearing a swimsuit and holding a towel.', '{"https://picsum.photos/id/616/400/400","https://picsum.photos/id/871/400/400","https://picsum.photos/id/285/400/400"}', NULL), (124, DEFAULT, 9, 'Urban Cityscape', 'To recreate, find a modern art museum, wear a stylish outfit and hold a art catalog.', '{"https://picsum.photos/id/447/400/400","https://picsum.photos/id/482/400/400","https://picsum.photos/id/687/400/400"}', NULL), (125, DEFAULT, 9, 'Winter Sports', 'Sit on a rooftop, wearing a trendy outfit and holding a pair of binoculars.', '{"https://picsum.photos/id/811/400/400","https://picsum.photos/id/548/400/400","https://picsum.photos/id/836/400/400"}', NULL), (126, DEFAULT, 9, 'Happy Couple', 'Sit on a rooftop, wearing a trendy outfit and holding a pair of binoculars.', '{"https://picsum.photos/id/350/400/400","https://picsum.photos/id/290/400/400","https://picsum.photos/id/220/400/400"}', NULL), (127, DEFAULT, 9, 'Wild West', 'To recreate, find a rustic wooden background, wear a plaid shirt and hold a fishing rod.', '{"https://picsum.photos/id/382/400/400","https://picsum.photos/id/833/400/400","https://picsum.photos/id/116/400/400"}', NULL), (128, DEFAULT, 9, 'Fashionable Friends', 'Recreate by posing on a horse, wearing a cowboy hat and holding a lasso.', '{"https://picsum.photos/id/144/400/400","https://picsum.photos/id/796/400/400","https://picsum.photos/id/217/400/400"}', NULL), (129, DEFAULT, 9, 'Laughter and Memories', 'Sit on a porch swing, wearing a comfortable outfit and holding a glass of lemonade.', '{"https://picsum.photos/id/374/400/400","https://picsum.photos/id/443/400/400","https://picsum.photos/id/299/400/400"}', NULL), (130, DEFAULT, 9, 'Mountain Climbing', 'To recreate, find a modern art museum, wear a stylish outfit and hold a art catalog.', '{"https://picsum.photos/id/260/400/400","https://picsum.photos/id/963/400/400","https://picsum.photos/id/966/400/400"}', NULL), (131, DEFAULT, 9, 'Urban Jungle', 'To recreate, find a rustic wooden background, wear a plaid shirt and hold a fishing rod.', '{"https://picsum.photos/id/860/400/400","https://picsum.photos/id/206/400/400","https://picsum.photos/id/239/400/400"}', NULL), (132, DEFAULT, 9, 'Urban Exploration', 'Recreate by posing on a motorcycle, wearing a helmet and holding a GPS.', '{"https://picsum.photos/id/53/400/400","https://picsum.photos/id/721/400/400","https://picsum.photos/id/661/400/400"}', NULL), (133, DEFAULT, 9, 'Tropical Oasis', 'To recreate, find a historic landmark, wear a cultural outfit and hold a souvenir.', '{"https://picsum.photos/id/783/400/400","https://picsum.photos/id/699/400/400","https://picsum.photos/id/260/400/400"}', NULL), (134, DEFAULT, 9, 'Golden Hour in Paris', 'Capture a photo of yourself standing in front of a colorful graffiti wall, wearing a trendy outfit and holding a pair of sunglasses.', '{"https://picsum.photos/id/426/400/400","https://picsum.photos/id/495/400/400","https://picsum.photos/id/985/400/400"}', NULL), (135, DEFAULT, 9, 'Mountain Climbing', 'To recreate, find a modern art museum, wear a stylish outfit and hold a art catalog.', '{"https://picsum.photos/id/93/400/400","https://picsum.photos/id/604/400/400","https://picsum.photos/id/361/400/400"}', NULL);
UPDATE public.photoshots SET created_by = 'e529c355-b9ff-4fd7-b4ff-bbb34eadef95' WHERE id = 121;
UPDATE public.photoshots SET created_by = 'e529c355-b9ff-4fd7-b4ff-bbb34eadef95' WHERE id = 122;
UPDATE public.photoshots SET created_by = 'e529c355-b9ff-4fd7-b4ff-bbb34eadef95' WHERE id = 123;
UPDATE public.photoshots SET created_by = 'e529c355-b9ff-4fd7-b4ff-bbb34eadef95' WHERE id = 124;
UPDATE public.photoshots SET created_by = 'e529c355-b9ff-4fd7-b4ff-bbb34eadef95' WHERE id = 125;
UPDATE public.photoshots SET created_by = 'e529c355-b9ff-4fd7-b4ff-bbb34eadef95' WHERE id = 126;
UPDATE public.photoshots SET created_by = 'e529c355-b9ff-4fd7-b4ff-bbb34eadef95' WHERE id = 127;
UPDATE public.photoshots SET created_by = 'e529c355-b9ff-4fd7-b4ff-bbb34eadef95' WHERE id = 128;
UPDATE public.photoshots SET created_by = 'e529c355-b9ff-4fd7-b4ff-bbb34eadef95' WHERE id = 129;
UPDATE public.photoshots SET created_by = 'e529c355-b9ff-4fd7-b4ff-bbb34eadef95' WHERE id = 130;
UPDATE public.photoshots SET created_by = 'e529c355-b9ff-4fd7-b4ff-bbb34eadef95' WHERE id = 131;
UPDATE public.photoshots SET created_by = 'e529c355-b9ff-4fd7-b4ff-bbb34eadef95' WHERE id = 132;
UPDATE public.photoshots SET created_by = 'e529c355-b9ff-4fd7-b4ff-bbb34eadef95' WHERE id = 133;
UPDATE public.photoshots SET created_by = 'e529c355-b9ff-4fd7-b4ff-bbb34eadef95' WHERE id = 134;
UPDATE public.photoshots SET created_by = 'e529c355-b9ff-4fd7-b4ff-bbb34eadef95' WHERE id = 135;
SELECT setval('"public"."photoshots_id_seq"'::regclass, (SELECT MAX("id") FROM "public"."photoshots"));
INSERT INTO public.photoshot_tags (id,created_at,tag_id) VALUES (121, DEFAULT, 10);
SELECT setval('"public"."photoshot_tags_id_seq"'::regclass, (SELECT MAX("id") FROM "public"."photoshot_tags"));
INSERT INTO public.photoshot_likes (photoshot_id,created_at,created_by,like_type) VALUES (121, DEFAULT, 'c9fe6565-6bb6-4a4c-a1cd-7fbe244f4599', 1), (121, DEFAULT, 'e529c355-b9ff-4fd7-b4ff-bbb34eadef95', 1), (121, DEFAULT, '8117f5dd-ad95-4c45-b393-b48ce35b1899', 1);
INSERT INTO public.saved_photoshots (id,created_at,photoshot_id) VALUES ('c9fe6565-6bb6-4a4c-a1cd-7fbe244f4599', DEFAULT, 121), ('885a0c00-1512-4442-8edd-d5cbe7e43ecc', DEFAULT, 121);
INSERT INTO public.photoshot_tags (id,created_at,tag_id) VALUES (122, DEFAULT, 4);
SELECT setval('"public"."photoshot_tags_id_seq"'::regclass, (SELECT MAX("id") FROM "public"."photoshot_tags"));
INSERT INTO public.photoshot_likes (photoshot_id,created_at,created_by,like_type) VALUES (122, DEFAULT, '885a0c00-1512-4442-8edd-d5cbe7e43ecc', 1), (122, DEFAULT, 'e529c355-b9ff-4fd7-b4ff-bbb34eadef95', 1), (122, DEFAULT, '3a2e5788-d2ad-4939-8079-5ec8a0ab6cc1', 1), (122, DEFAULT, 'fef3078b-3ef3-488c-91d9-aa8ad1f54d29', 1);
INSERT INTO public.saved_photoshots (id,created_at,photoshot_id) VALUES ('27e02716-988f-4cd4-a694-124a81b7f5c0', DEFAULT, 122);
INSERT INTO public.photoshot_tags (id,created_at,tag_id) VALUES (123, DEFAULT, 5), (123, DEFAULT, 6), (123, DEFAULT, 3);
SELECT setval('"public"."photoshot_tags_id_seq"'::regclass, (SELECT MAX("id") FROM "public"."photoshot_tags"));
INSERT INTO public.photoshot_likes (photoshot_id,created_at,created_by,like_type) VALUES (123, DEFAULT, '7228984f-c255-410f-9b19-c97eed9e9e75', 1), (123, DEFAULT, '3a2e5788-d2ad-4939-8079-5ec8a0ab6cc1', 1);
INSERT INTO public.saved_photoshots (id,created_at,photoshot_id) VALUES ('3a2e5788-d2ad-4939-8079-5ec8a0ab6cc1', DEFAULT, 123), ('e5a2c764-53b1-4820-82df-6855b070285a', DEFAULT, 123);
INSERT INTO public.photoshot_tags (id,created_at,tag_id) VALUES (124, DEFAULT, 5);
SELECT setval('"public"."photoshot_tags_id_seq"'::regclass, (SELECT MAX("id") FROM "public"."photoshot_tags"));
INSERT INTO public.photoshot_likes (photoshot_id,created_at,created_by,like_type) VALUES (124, DEFAULT, '3a2e5788-d2ad-4939-8079-5ec8a0ab6cc1', 1), (124, DEFAULT, 'fef3078b-3ef3-488c-91d9-aa8ad1f54d29', 1), (124, DEFAULT, '8117f5dd-ad95-4c45-b393-b48ce35b1899', 1);
INSERT INTO public.saved_photoshots (id,created_at,photoshot_id) VALUES ('27e02716-988f-4cd4-a694-124a81b7f5c0', DEFAULT, 124), ('e529c355-b9ff-4fd7-b4ff-bbb34eadef95', DEFAULT, 124), ('8117f5dd-ad95-4c45-b393-b48ce35b1899', DEFAULT, 124), ('3a2e5788-d2ad-4939-8079-5ec8a0ab6cc1', DEFAULT, 124), ('7228984f-c255-410f-9b19-c97eed9e9e75', DEFAULT, 124);
INSERT INTO public.photoshot_tags (id,created_at,tag_id) VALUES (125, DEFAULT, 1);
SELECT setval('"public"."photoshot_tags_id_seq"'::regclass, (SELECT MAX("id") FROM "public"."photoshot_tags"));
INSERT INTO public.photoshot_likes (photoshot_id,created_at,created_by,like_type) VALUES (125, DEFAULT, 'e529c355-b9ff-4fd7-b4ff-bbb34eadef95', 1), (125, DEFAULT, '8117f5dd-ad95-4c45-b393-b48ce35b1899', 1), (125, DEFAULT, '885a0c00-1512-4442-8edd-d5cbe7e43ecc', 1), (125, DEFAULT, '3a2e5788-d2ad-4939-8079-5ec8a0ab6cc1', 1), (125, DEFAULT, 'c9fe6565-6bb6-4a4c-a1cd-7fbe244f4599', 1);
INSERT INTO public.saved_photoshots (id,created_at,photoshot_id) VALUES ('fef3078b-3ef3-488c-91d9-aa8ad1f54d29', DEFAULT, 125), ('3a2e5788-d2ad-4939-8079-5ec8a0ab6cc1', DEFAULT, 125), ('885a0c00-1512-4442-8edd-d5cbe7e43ecc', DEFAULT, 125), ('c9fe6565-6bb6-4a4c-a1cd-7fbe244f4599', DEFAULT, 125);
INSERT INTO public.photoshot_tags (id,created_at,tag_id) VALUES (126, DEFAULT, 4), (126, DEFAULT, 2), (126, DEFAULT, 9);
SELECT setval('"public"."photoshot_tags_id_seq"'::regclass, (SELECT MAX("id") FROM "public"."photoshot_tags"));
INSERT INTO public.photoshot_likes (photoshot_id,created_at,created_by,like_type) VALUES (126, DEFAULT, '885a0c00-1512-4442-8edd-d5cbe7e43ecc', 1), (126, DEFAULT, 'c9fe6565-6bb6-4a4c-a1cd-7fbe244f4599', 1), (126, DEFAULT, 'fef3078b-3ef3-488c-91d9-aa8ad1f54d29', 1), (126, DEFAULT, '3a2e5788-d2ad-4939-8079-5ec8a0ab6cc1', 1), (126, DEFAULT, 'e5a2c764-53b1-4820-82df-6855b070285a', 1);
INSERT INTO public.saved_photoshots (id,created_at,photoshot_id) VALUES ('fef3078b-3ef3-488c-91d9-aa8ad1f54d29', DEFAULT, 126), ('8117f5dd-ad95-4c45-b393-b48ce35b1899', DEFAULT, 126), ('27e02716-988f-4cd4-a694-124a81b7f5c0', DEFAULT, 126);
INSERT INTO public.photoshot_tags (id,created_at,tag_id) VALUES (127, DEFAULT, 8), (127, DEFAULT, 10), (127, DEFAULT, 4), (127, DEFAULT, 7);
SELECT setval('"public"."photoshot_tags_id_seq"'::regclass, (SELECT MAX("id") FROM "public"."photoshot_tags"));
INSERT INTO public.photoshot_likes (photoshot_id,created_at,created_by,like_type) VALUES (127, DEFAULT, '7228984f-c255-410f-9b19-c97eed9e9e75', 1), (127, DEFAULT, 'e5a2c764-53b1-4820-82df-6855b070285a', 1), (127, DEFAULT, '885a0c00-1512-4442-8edd-d5cbe7e43ecc', 1), (127, DEFAULT, 'e529c355-b9ff-4fd7-b4ff-bbb34eadef95', 1), (127, DEFAULT, '8117f5dd-ad95-4c45-b393-b48ce35b1899', 1);
;
INSERT INTO public.photoshot_tags (id,created_at,tag_id) VALUES (128, DEFAULT, 1);
SELECT setval('"public"."photoshot_tags_id_seq"'::regclass, (SELECT MAX("id") FROM "public"."photoshot_tags"));
INSERT INTO public.photoshot_likes (photoshot_id,created_at,created_by,like_type) VALUES (128, DEFAULT, '7228984f-c255-410f-9b19-c97eed9e9e75', 1), (128, DEFAULT, 'e529c355-b9ff-4fd7-b4ff-bbb34eadef95', 1);
INSERT INTO public.saved_photoshots (id,created_at,photoshot_id) VALUES ('c9fe6565-6bb6-4a4c-a1cd-7fbe244f4599', DEFAULT, 128), ('fef3078b-3ef3-488c-91d9-aa8ad1f54d29', DEFAULT, 128), ('e5a2c764-53b1-4820-82df-6855b070285a', DEFAULT, 128), ('8117f5dd-ad95-4c45-b393-b48ce35b1899', DEFAULT, 128), ('3a2e5788-d2ad-4939-8079-5ec8a0ab6cc1', DEFAULT, 128);
INSERT INTO public.photoshot_tags (id,created_at,tag_id) VALUES (129, DEFAULT, 2), (129, DEFAULT, 1), (129, DEFAULT, 9);
SELECT setval('"public"."photoshot_tags_id_seq"'::regclass, (SELECT MAX("id") FROM "public"."photoshot_tags"));
INSERT INTO public.photoshot_likes (photoshot_id,created_at,created_by,like_type) VALUES (129, DEFAULT, 'fef3078b-3ef3-488c-91d9-aa8ad1f54d29', 1), (129, DEFAULT, '7228984f-c255-410f-9b19-c97eed9e9e75', 1), (129, DEFAULT, '3a2e5788-d2ad-4939-8079-5ec8a0ab6cc1', 1);
INSERT INTO public.saved_photoshots (id,created_at,photoshot_id) VALUES ('7228984f-c255-410f-9b19-c97eed9e9e75', DEFAULT, 129), ('fef3078b-3ef3-488c-91d9-aa8ad1f54d29', DEFAULT, 129), ('c9fe6565-6bb6-4a4c-a1cd-7fbe244f4599', DEFAULT, 129), ('e529c355-b9ff-4fd7-b4ff-bbb34eadef95', DEFAULT, 129), ('27e02716-988f-4cd4-a694-124a81b7f5c0', DEFAULT, 129);
INSERT INTO public.photoshot_tags (id,created_at,tag_id) VALUES (130, DEFAULT, 1), (130, DEFAULT, 8), (130, DEFAULT, 7), (130, DEFAULT, 2), (130, DEFAULT, 10);
SELECT setval('"public"."photoshot_tags_id_seq"'::regclass, (SELECT MAX("id") FROM "public"."photoshot_tags"));
INSERT INTO public.photoshot_likes (photoshot_id,created_at,created_by,like_type) VALUES (130, DEFAULT, '27e02716-988f-4cd4-a694-124a81b7f5c0', 1), (130, DEFAULT, 'e529c355-b9ff-4fd7-b4ff-bbb34eadef95', 1), (130, DEFAULT, '8117f5dd-ad95-4c45-b393-b48ce35b1899', 1), (130, DEFAULT, '885a0c00-1512-4442-8edd-d5cbe7e43ecc', 1), (130, DEFAULT, '7228984f-c255-410f-9b19-c97eed9e9e75', 1);
;
INSERT INTO public.photoshot_tags (id,created_at,tag_id) VALUES (131, DEFAULT, 7), (131, DEFAULT, 5), (131, DEFAULT, 1);
SELECT setval('"public"."photoshot_tags_id_seq"'::regclass, (SELECT MAX("id") FROM "public"."photoshot_tags"));
INSERT INTO public.photoshot_likes (photoshot_id,created_at,created_by,like_type) VALUES (131, DEFAULT, 'e5a2c764-53b1-4820-82df-6855b070285a', 1);
INSERT INTO public.saved_photoshots (id,created_at,photoshot_id) VALUES ('27e02716-988f-4cd4-a694-124a81b7f5c0', DEFAULT, 131), ('8117f5dd-ad95-4c45-b393-b48ce35b1899', DEFAULT, 131);
INSERT INTO public.photoshot_tags (id,created_at,tag_id) VALUES (132, DEFAULT, 3), (132, DEFAULT, 1), (132, DEFAULT, 2);
SELECT setval('"public"."photoshot_tags_id_seq"'::regclass, (SELECT MAX("id") FROM "public"."photoshot_tags"));
INSERT INTO public.photoshot_likes (photoshot_id,created_at,created_by,like_type) VALUES (132, DEFAULT, 'e529c355-b9ff-4fd7-b4ff-bbb34eadef95', 1);
INSERT INTO public.saved_photoshots (id,created_at,photoshot_id) VALUES ('7228984f-c255-410f-9b19-c97eed9e9e75', DEFAULT, 132), ('e5a2c764-53b1-4820-82df-6855b070285a', DEFAULT, 132), ('885a0c00-1512-4442-8edd-d5cbe7e43ecc', DEFAULT, 132), ('fef3078b-3ef3-488c-91d9-aa8ad1f54d29', DEFAULT, 132);
INSERT INTO public.photoshot_tags (id,created_at,tag_id) VALUES (133, DEFAULT, 3), (133, DEFAULT, 9), (133, DEFAULT, 6), (133, DEFAULT, 10);
SELECT setval('"public"."photoshot_tags_id_seq"'::regclass, (SELECT MAX("id") FROM "public"."photoshot_tags"));
INSERT INTO public.photoshot_likes (photoshot_id,created_at,created_by,like_type) VALUES (133, DEFAULT, '7228984f-c255-410f-9b19-c97eed9e9e75', 1), (133, DEFAULT, '3a2e5788-d2ad-4939-8079-5ec8a0ab6cc1', 1), (133, DEFAULT, 'e5a2c764-53b1-4820-82df-6855b070285a', 1);
;
INSERT INTO public.photoshot_tags (id,created_at,tag_id) VALUES (134, DEFAULT, 8), (134, DEFAULT, 9);
SELECT setval('"public"."photoshot_tags_id_seq"'::regclass, (SELECT MAX("id") FROM "public"."photoshot_tags"));
;
INSERT INTO public.saved_photoshots (id,created_at,photoshot_id) VALUES ('8117f5dd-ad95-4c45-b393-b48ce35b1899', DEFAULT, 134);
INSERT INTO public.photoshot_tags (id,created_at,tag_id) VALUES (135, DEFAULT, 4), (135, DEFAULT, 2), (135, DEFAULT, 7), (135, DEFAULT, 1);
SELECT setval('"public"."photoshot_tags_id_seq"'::regclass, (SELECT MAX("id") FROM "public"."photoshot_tags"));
INSERT INTO public.photoshot_likes (photoshot_id,created_at,created_by,like_type) VALUES (135, DEFAULT, '885a0c00-1512-4442-8edd-d5cbe7e43ecc', 1), (135, DEFAULT, '3a2e5788-d2ad-4939-8079-5ec8a0ab6cc1', 1), (135, DEFAULT, 'c9fe6565-6bb6-4a4c-a1cd-7fbe244f4599', 1), (135, DEFAULT, '27e02716-988f-4cd4-a694-124a81b7f5c0', 1);
INSERT INTO public.saved_photoshots (id,created_at,photoshot_id) VALUES ('7228984f-c255-410f-9b19-c97eed9e9e75', DEFAULT, 135), ('27e02716-988f-4cd4-a694-124a81b7f5c0', DEFAULT, 135), ('e529c355-b9ff-4fd7-b4ff-bbb34eadef95', DEFAULT, 135), ('3a2e5788-d2ad-4939-8079-5ec8a0ab6cc1', DEFAULT, 135);
INSERT INTO public.photospot_reviews (created_at,created_by,rating,text,photospot_id,edited,id) VALUES (DEFAULT, '27e02716-988f-4cd4-a694-124a81b7f5c0', 3, 'Bring a map and compass, even with GPS. The trails can be confusing.', 10, DEFAULT, 1340615), (DEFAULT, 'e5a2c764-53b1-4820-82df-6855b070285a', 1, 'The scenic views from the top are well worth the challenging hike.', 10, DEFAULT, 6716865), (DEFAULT, '3a2e5788-d2ad-4939-8079-5ec8a0ab6cc1', 5, 'Wish I had more time to explore, but the views from the top were incredible.', 10, DEFAULT, 5059020), (DEFAULT, '7228984f-c255-410f-9b19-c97eed9e9e75', 1, 'Bring a jacket, even in the summer. It gets chilly in the evenings.', 10, DEFAULT, 2176110), (DEFAULT, 'c9fe6565-6bb6-4a4c-a1cd-7fbe244f4599', 2, 'Bring bug spray! The mosquitoes were relentless, but the views were stunning.', 10, DEFAULT, 9074607), (DEFAULT, '885a0c00-1512-4442-8edd-d5cbe7e43ecc', 4, 'The scenic drive to the spot was an adventure in itself.', 10, DEFAULT, 15782258), (DEFAULT, '8117f5dd-ad95-4c45-b393-b48ce35b1899', 4, 'Beautiful spot, but be careful of the wildlife.', 10, DEFAULT, 5070700), (DEFAULT, 'e529c355-b9ff-4fd7-b4ff-bbb34eadef95', 3, 'This spot is perfect for a fun family outing.', 10, DEFAULT, 16415800);
SELECT setval('"public"."photospot_reviews_id_seq"'::regclass, (SELECT MAX("id") FROM "public"."photospot_reviews"));
INSERT INTO public.photoshots (id,created_at,photospot_id,name,recreate_text,photo_paths,created_by) VALUES (136, DEFAULT, 10, 'Nighttime Cityscape', 'To recreate, find a minimalist background, wear a simple dress and hold a book.', '{"https://picsum.photos/id/579/400/400","https://picsum.photos/id/699/400/400","https://picsum.photos/id/772/400/400"}', NULL), (137, DEFAULT, 10, 'Seaside Fun', 'Capture a photo of yourself sitting on a couch, surrounded by pillows, wearing a cozy sweater and holding a warm cup of coffee.', '{"https://picsum.photos/id/416/400/400","https://picsum.photos/id/236/400/400","https://picsum.photos/id/690/400/400"}', NULL), (138, DEFAULT, 10, 'City Break', 'Capture a photo of yourself standing in front of a colorful graffiti wall, wearing a trendy outfit and holding a pair of sunglasses.', '{"https://picsum.photos/id/587/400/400","https://picsum.photos/id/23/400/400","https://picsum.photos/id/407/400/400"}', NULL), (139, DEFAULT, 10, 'Fashion Show', 'Capture a photo of yourself standing in front of a stunning sunset, wearing a comfortable outfit and holding a camera.', '{"https://picsum.photos/id/931/400/400","https://picsum.photos/id/722/400/400","https://picsum.photos/id/343/400/400"}', NULL), (140, DEFAULT, 10, 'Sandy Toes', 'Capture a photo of yourself standing in front of a beautiful waterfall, wearing a swimsuit and holding a towel.', '{"https://picsum.photos/id/212/400/400","https://picsum.photos/id/132/400/400","https://picsum.photos/id/484/400/400"}', NULL), (141, DEFAULT, 10, 'Golden Hour in Paris', 'Recreate by posing on a skateboard, wearing a helmet and holding a skateboard.', '{"https://picsum.photos/id/631/400/400","https://picsum.photos/id/271/400/400","https://picsum.photos/id/682/400/400"}', NULL), (142, DEFAULT, 10, 'Summer Nights', 'Recreate by standing in a luxurious dressing room, wearing a glamorous gown and holding a diamond necklace.', '{"https://picsum.photos/id/474/400/400","https://picsum.photos/id/274/400/400","https://picsum.photos/id/977/400/400"}', NULL), (143, DEFAULT, 10, 'Tropical Island Getaway', 'Sit on a beach towel, wearing a swimsuit and sunglasses, and hold a surfboard.', '{"https://picsum.photos/id/894/400/400","https://picsum.photos/id/798/400/400","https://picsum.photos/id/978/400/400"}', NULL), (144, DEFAULT, 10, 'Summer Vibes', 'Recreate by standing in a modern kitchen, wearing a chef''s hat and holding a mixing bowl.', '{"https://picsum.photos/id/692/400/400","https://picsum.photos/id/887/400/400","https://picsum.photos/id/718/400/400"}', NULL), (145, DEFAULT, 10, 'Happy Couple', 'Capture a photo of yourself standing in front of a colorful graffiti wall, wearing a trendy outfit and holding a pair of sunglasses.', '{"https://picsum.photos/id/334/400/400","https://picsum.photos/id/796/400/400","https://picsum.photos/id/465/400/400"}', NULL), (146, DEFAULT, 10, 'Laughter and Memories', 'Recreate by posing on a skateboard, wearing a helmet and holding a skateboard.', '{"https://picsum.photos/id/744/400/400","https://picsum.photos/id/672/400/400","https://picsum.photos/id/535/400/400"}', NULL), (147, DEFAULT, 10, 'Sunny Days', 'Sit on a boat, wearing a life jacket and holding a fishing rod.', '{"https://picsum.photos/id/583/400/400","https://picsum.photos/id/524/400/400","https://picsum.photos/id/415/400/400"}', NULL), (148, DEFAULT, 10, 'Foodie Fun', 'Capture a photo of yourself standing in front of a beautiful waterfall, wearing a swimsuit and holding a towel.', '{"https://picsum.photos/id/728/400/400","https://picsum.photos/id/963/400/400","https://picsum.photos/id/792/400/400"}', NULL), (149, DEFAULT, 10, 'Cozy Morning', 'To recreate, find a vintage-inspired background, wear a flowy dress and hold a vintage-style camera.', '{"https://picsum.photos/id/890/400/400","https://picsum.photos/id/324/400/400","https://picsum.photos/id/281/400/400"}', NULL), (150, DEFAULT, 10, 'Laughter and Memories', 'Recreate by posing in front of a city skyline at sunset, wearing a business suit and holding a briefcase.', '{"https://picsum.photos/id/16/400/400","https://picsum.photos/id/474/400/400","https://picsum.photos/id/590/400/400"}', NULL);
UPDATE public.photoshots SET created_by = '8117f5dd-ad95-4c45-b393-b48ce35b1899' WHERE id = 136;
UPDATE public.photoshots SET created_by = '8117f5dd-ad95-4c45-b393-b48ce35b1899' WHERE id = 137;
UPDATE public.photoshots SET created_by = '8117f5dd-ad95-4c45-b393-b48ce35b1899' WHERE id = 138;
UPDATE public.photoshots SET created_by = '8117f5dd-ad95-4c45-b393-b48ce35b1899' WHERE id = 139;
UPDATE public.photoshots SET created_by = '8117f5dd-ad95-4c45-b393-b48ce35b1899' WHERE id = 140;
UPDATE public.photoshots SET created_by = '8117f5dd-ad95-4c45-b393-b48ce35b1899' WHERE id = 141;
UPDATE public.photoshots SET created_by = '8117f5dd-ad95-4c45-b393-b48ce35b1899' WHERE id = 142;
UPDATE public.photoshots SET created_by = '8117f5dd-ad95-4c45-b393-b48ce35b1899' WHERE id = 143;
UPDATE public.photoshots SET created_by = '8117f5dd-ad95-4c45-b393-b48ce35b1899' WHERE id = 144;
UPDATE public.photoshots SET created_by = '8117f5dd-ad95-4c45-b393-b48ce35b1899' WHERE id = 145;
UPDATE public.photoshots SET created_by = '8117f5dd-ad95-4c45-b393-b48ce35b1899' WHERE id = 146;
UPDATE public.photoshots SET created_by = '8117f5dd-ad95-4c45-b393-b48ce35b1899' WHERE id = 147;
UPDATE public.photoshots SET created_by = '8117f5dd-ad95-4c45-b393-b48ce35b1899' WHERE id = 148;
UPDATE public.photoshots SET created_by = '8117f5dd-ad95-4c45-b393-b48ce35b1899' WHERE id = 149;
UPDATE public.photoshots SET created_by = '8117f5dd-ad95-4c45-b393-b48ce35b1899' WHERE id = 150;
SELECT setval('"public"."photoshots_id_seq"'::regclass, (SELECT MAX("id") FROM "public"."photoshots"));
INSERT INTO public.photoshot_tags (id,created_at,tag_id) VALUES (136, DEFAULT, 5), (136, DEFAULT, 2);
SELECT setval('"public"."photoshot_tags_id_seq"'::regclass, (SELECT MAX("id") FROM "public"."photoshot_tags"));
INSERT INTO public.photoshot_likes (photoshot_id,created_at,created_by,like_type) VALUES (136, DEFAULT, '7228984f-c255-410f-9b19-c97eed9e9e75', 1), (136, DEFAULT, '8117f5dd-ad95-4c45-b393-b48ce35b1899', 1), (136, DEFAULT, 'c9fe6565-6bb6-4a4c-a1cd-7fbe244f4599', 1);
;
INSERT INTO public.photoshot_tags (id,created_at,tag_id) VALUES (137, DEFAULT, 6), (137, DEFAULT, 9), (137, DEFAULT, 3);
SELECT setval('"public"."photoshot_tags_id_seq"'::regclass, (SELECT MAX("id") FROM "public"."photoshot_tags"));
;
INSERT INTO public.saved_photoshots (id,created_at,photoshot_id) VALUES ('e529c355-b9ff-4fd7-b4ff-bbb34eadef95', DEFAULT, 137), ('fef3078b-3ef3-488c-91d9-aa8ad1f54d29', DEFAULT, 137), ('885a0c00-1512-4442-8edd-d5cbe7e43ecc', DEFAULT, 137);
INSERT INTO public.photoshot_tags (id,created_at,tag_id) VALUES (138, DEFAULT, 10), (138, DEFAULT, 2);
SELECT setval('"public"."photoshot_tags_id_seq"'::regclass, (SELECT MAX("id") FROM "public"."photoshot_tags"));
INSERT INTO public.photoshot_likes (photoshot_id,created_at,created_by,like_type) VALUES (138, DEFAULT, 'e5a2c764-53b1-4820-82df-6855b070285a', 1), (138, DEFAULT, '885a0c00-1512-4442-8edd-d5cbe7e43ecc', 1), (138, DEFAULT, '7228984f-c255-410f-9b19-c97eed9e9e75', 1), (138, DEFAULT, 'e529c355-b9ff-4fd7-b4ff-bbb34eadef95', 1);
INSERT INTO public.saved_photoshots (id,created_at,photoshot_id) VALUES ('e529c355-b9ff-4fd7-b4ff-bbb34eadef95', DEFAULT, 138), ('8117f5dd-ad95-4c45-b393-b48ce35b1899', DEFAULT, 138), ('c9fe6565-6bb6-4a4c-a1cd-7fbe244f4599', DEFAULT, 138), ('7228984f-c255-410f-9b19-c97eed9e9e75', DEFAULT, 138), ('885a0c00-1512-4442-8edd-d5cbe7e43ecc', DEFAULT, 138);
INSERT INTO public.photoshot_tags (id,created_at,tag_id) VALUES (139, DEFAULT, 4), (139, DEFAULT, 6), (139, DEFAULT, 7), (139, DEFAULT, 10);
SELECT setval('"public"."photoshot_tags_id_seq"'::regclass, (SELECT MAX("id") FROM "public"."photoshot_tags"));
INSERT INTO public.photoshot_likes (photoshot_id,created_at,created_by,like_type) VALUES (139, DEFAULT, '7228984f-c255-410f-9b19-c97eed9e9e75', 1), (139, DEFAULT, '3a2e5788-d2ad-4939-8079-5ec8a0ab6cc1', 1);
INSERT INTO public.saved_photoshots (id,created_at,photoshot_id) VALUES ('c9fe6565-6bb6-4a4c-a1cd-7fbe244f4599', DEFAULT, 139), ('e529c355-b9ff-4fd7-b4ff-bbb34eadef95', DEFAULT, 139), ('fef3078b-3ef3-488c-91d9-aa8ad1f54d29', DEFAULT, 139), ('885a0c00-1512-4442-8edd-d5cbe7e43ecc', DEFAULT, 139);
INSERT INTO public.photoshot_tags (id,created_at,tag_id) VALUES (140, DEFAULT, 9), (140, DEFAULT, 3);
SELECT setval('"public"."photoshot_tags_id_seq"'::regclass, (SELECT MAX("id") FROM "public"."photoshot_tags"));
INSERT INTO public.photoshot_likes (photoshot_id,created_at,created_by,like_type) VALUES (140, DEFAULT, '8117f5dd-ad95-4c45-b393-b48ce35b1899', 1), (140, DEFAULT, '885a0c00-1512-4442-8edd-d5cbe7e43ecc', 1), (140, DEFAULT, 'c9fe6565-6bb6-4a4c-a1cd-7fbe244f4599', 1), (140, DEFAULT, '3a2e5788-d2ad-4939-8079-5ec8a0ab6cc1', 1), (140, DEFAULT, 'e529c355-b9ff-4fd7-b4ff-bbb34eadef95', 1);
INSERT INTO public.saved_photoshots (id,created_at,photoshot_id) VALUES ('3a2e5788-d2ad-4939-8079-5ec8a0ab6cc1', DEFAULT, 140), ('e529c355-b9ff-4fd7-b4ff-bbb34eadef95', DEFAULT, 140), ('27e02716-988f-4cd4-a694-124a81b7f5c0', DEFAULT, 140), ('885a0c00-1512-4442-8edd-d5cbe7e43ecc', DEFAULT, 140);
INSERT INTO public.photoshot_tags (id,created_at,tag_id) VALUES (141, DEFAULT, 7), (141, DEFAULT, 5), (141, DEFAULT, 2), (141, DEFAULT, 6);
SELECT setval('"public"."photoshot_tags_id_seq"'::regclass, (SELECT MAX("id") FROM "public"."photoshot_tags"));
INSERT INTO public.photoshot_likes (photoshot_id,created_at,created_by,like_type) VALUES (141, DEFAULT, '7228984f-c255-410f-9b19-c97eed9e9e75', 1), (141, DEFAULT, 'e5a2c764-53b1-4820-82df-6855b070285a', 1), (141, DEFAULT, 'c9fe6565-6bb6-4a4c-a1cd-7fbe244f4599', 1), (141, DEFAULT, '885a0c00-1512-4442-8edd-d5cbe7e43ecc', 1);
INSERT INTO public.saved_photoshots (id,created_at,photoshot_id) VALUES ('27e02716-988f-4cd4-a694-124a81b7f5c0', DEFAULT, 141), ('e529c355-b9ff-4fd7-b4ff-bbb34eadef95', DEFAULT, 141), ('8117f5dd-ad95-4c45-b393-b48ce35b1899', DEFAULT, 141), ('fef3078b-3ef3-488c-91d9-aa8ad1f54d29', DEFAULT, 141);
INSERT INTO public.photoshot_tags (id,created_at,tag_id) VALUES (142, DEFAULT, 5);
SELECT setval('"public"."photoshot_tags_id_seq"'::regclass, (SELECT MAX("id") FROM "public"."photoshot_tags"));
INSERT INTO public.photoshot_likes (photoshot_id,created_at,created_by,like_type) VALUES (142, DEFAULT, '3a2e5788-d2ad-4939-8079-5ec8a0ab6cc1', 1), (142, DEFAULT, '885a0c00-1512-4442-8edd-d5cbe7e43ecc', 1), (142, DEFAULT, 'e529c355-b9ff-4fd7-b4ff-bbb34eadef95', 1);
INSERT INTO public.saved_photoshots (id,created_at,photoshot_id) VALUES ('3a2e5788-d2ad-4939-8079-5ec8a0ab6cc1', DEFAULT, 142);
INSERT INTO public.photoshot_tags (id,created_at,tag_id) VALUES (143, DEFAULT, 5), (143, DEFAULT, 3), (143, DEFAULT, 2), (143, DEFAULT, 9);
SELECT setval('"public"."photoshot_tags_id_seq"'::regclass, (SELECT MAX("id") FROM "public"."photoshot_tags"));
INSERT INTO public.photoshot_likes (photoshot_id,created_at,created_by,like_type) VALUES (143, DEFAULT, '3a2e5788-d2ad-4939-8079-5ec8a0ab6cc1', 1), (143, DEFAULT, 'c9fe6565-6bb6-4a4c-a1cd-7fbe244f4599', 1), (143, DEFAULT, '885a0c00-1512-4442-8edd-d5cbe7e43ecc', 1);
INSERT INTO public.saved_photoshots (id,created_at,photoshot_id) VALUES ('8117f5dd-ad95-4c45-b393-b48ce35b1899', DEFAULT, 143);
INSERT INTO public.photoshot_tags (id,created_at,tag_id) VALUES (144, DEFAULT, 5);
SELECT setval('"public"."photoshot_tags_id_seq"'::regclass, (SELECT MAX("id") FROM "public"."photoshot_tags"));
INSERT INTO public.photoshot_likes (photoshot_id,created_at,created_by,like_type) VALUES (144, DEFAULT, '27e02716-988f-4cd4-a694-124a81b7f5c0', 1), (144, DEFAULT, '885a0c00-1512-4442-8edd-d5cbe7e43ecc', 1), (144, DEFAULT, 'fef3078b-3ef3-488c-91d9-aa8ad1f54d29', 1);
INSERT INTO public.saved_photoshots (id,created_at,photoshot_id) VALUES ('27e02716-988f-4cd4-a694-124a81b7f5c0', DEFAULT, 144), ('c9fe6565-6bb6-4a4c-a1cd-7fbe244f4599', DEFAULT, 144), ('fef3078b-3ef3-488c-91d9-aa8ad1f54d29', DEFAULT, 144), ('e5a2c764-53b1-4820-82df-6855b070285a', DEFAULT, 144);
INSERT INTO public.photoshot_tags (id,created_at,tag_id) VALUES (145, DEFAULT, 2), (145, DEFAULT, 8), (145, DEFAULT, 1), (145, DEFAULT, 10), (145, DEFAULT, 3);
SELECT setval('"public"."photoshot_tags_id_seq"'::regclass, (SELECT MAX("id") FROM "public"."photoshot_tags"));
INSERT INTO public.photoshot_likes (photoshot_id,created_at,created_by,like_type) VALUES (145, DEFAULT, 'c9fe6565-6bb6-4a4c-a1cd-7fbe244f4599', 1);
INSERT INTO public.saved_photoshots (id,created_at,photoshot_id) VALUES ('27e02716-988f-4cd4-a694-124a81b7f5c0', DEFAULT, 145);
INSERT INTO public.photoshot_tags (id,created_at,tag_id) VALUES (146, DEFAULT, 4), (146, DEFAULT, 7), (146, DEFAULT, 8), (146, DEFAULT, 1), (146, DEFAULT, 6);
SELECT setval('"public"."photoshot_tags_id_seq"'::regclass, (SELECT MAX("id") FROM "public"."photoshot_tags"));
INSERT INTO public.photoshot_likes (photoshot_id,created_at,created_by,like_type) VALUES (146, DEFAULT, 'fef3078b-3ef3-488c-91d9-aa8ad1f54d29', 1), (146, DEFAULT, '885a0c00-1512-4442-8edd-d5cbe7e43ecc', 1), (146, DEFAULT, '8117f5dd-ad95-4c45-b393-b48ce35b1899', 1), (146, DEFAULT, '3a2e5788-d2ad-4939-8079-5ec8a0ab6cc1', 1);
INSERT INTO public.saved_photoshots (id,created_at,photoshot_id) VALUES ('fef3078b-3ef3-488c-91d9-aa8ad1f54d29', DEFAULT, 146), ('27e02716-988f-4cd4-a694-124a81b7f5c0', DEFAULT, 146), ('3a2e5788-d2ad-4939-8079-5ec8a0ab6cc1', DEFAULT, 146), ('e529c355-b9ff-4fd7-b4ff-bbb34eadef95', DEFAULT, 146), ('8117f5dd-ad95-4c45-b393-b48ce35b1899', DEFAULT, 146);
INSERT INTO public.photoshot_tags (id,created_at,tag_id) VALUES (147, DEFAULT, 9), (147, DEFAULT, 3);
SELECT setval('"public"."photoshot_tags_id_seq"'::regclass, (SELECT MAX("id") FROM "public"."photoshot_tags"));
INSERT INTO public.photoshot_likes (photoshot_id,created_at,created_by,like_type) VALUES (147, DEFAULT, 'e529c355-b9ff-4fd7-b4ff-bbb34eadef95', 1);
INSERT INTO public.saved_photoshots (id,created_at,photoshot_id) VALUES ('c9fe6565-6bb6-4a4c-a1cd-7fbe244f4599', DEFAULT, 147), ('e5a2c764-53b1-4820-82df-6855b070285a', DEFAULT, 147), ('7228984f-c255-410f-9b19-c97eed9e9e75', DEFAULT, 147);
INSERT INTO public.photoshot_tags (id,created_at,tag_id) VALUES (148, DEFAULT, 8), (148, DEFAULT, 9);
SELECT setval('"public"."photoshot_tags_id_seq"'::regclass, (SELECT MAX("id") FROM "public"."photoshot_tags"));
;
INSERT INTO public.saved_photoshots (id,created_at,photoshot_id) VALUES ('e5a2c764-53b1-4820-82df-6855b070285a', DEFAULT, 148);
INSERT INTO public.photoshot_tags (id,created_at,tag_id) VALUES (149, DEFAULT, 10), (149, DEFAULT, 5), (149, DEFAULT, 3);
SELECT setval('"public"."photoshot_tags_id_seq"'::regclass, (SELECT MAX("id") FROM "public"."photoshot_tags"));
INSERT INTO public.photoshot_likes (photoshot_id,created_at,created_by,like_type) VALUES (149, DEFAULT, '27e02716-988f-4cd4-a694-124a81b7f5c0', 1), (149, DEFAULT, 'c9fe6565-6bb6-4a4c-a1cd-7fbe244f4599', 1), (149, DEFAULT, '885a0c00-1512-4442-8edd-d5cbe7e43ecc', 1);
INSERT INTO public.saved_photoshots (id,created_at,photoshot_id) VALUES ('fef3078b-3ef3-488c-91d9-aa8ad1f54d29', DEFAULT, 149), ('3a2e5788-d2ad-4939-8079-5ec8a0ab6cc1', DEFAULT, 149), ('e529c355-b9ff-4fd7-b4ff-bbb34eadef95', DEFAULT, 149), ('885a0c00-1512-4442-8edd-d5cbe7e43ecc', DEFAULT, 149), ('e5a2c764-53b1-4820-82df-6855b070285a', DEFAULT, 149);
INSERT INTO public.photoshot_tags (id,created_at,tag_id) VALUES (150, DEFAULT, 3), (150, DEFAULT, 6), (150, DEFAULT, 8);
SELECT setval('"public"."photoshot_tags_id_seq"'::regclass, (SELECT MAX("id") FROM "public"."photoshot_tags"));
INSERT INTO public.photoshot_likes (photoshot_id,created_at,created_by,like_type) VALUES (150, DEFAULT, '27e02716-988f-4cd4-a694-124a81b7f5c0', 1);
INSERT INTO public.saved_photoshots (id,created_at,photoshot_id) VALUES ('27e02716-988f-4cd4-a694-124a81b7f5c0', DEFAULT, 150), ('8117f5dd-ad95-4c45-b393-b48ce35b1899', DEFAULT, 150);
